{
    "TTLL_powheg": {
        "isMC": 1,
        "PD": "TTto2L2Nu_TuneCP5_13p6TeV_powheg-pythia8",
        "xsec_formula": "923.6*3*0.1086*3*0.1086",
        "xsec": 98.03611310400001,
        "sumsign": 23890314.0,
        "sumW": 1917418752.0
    },
    "TTLL_madgraph": {
        "isMC": 1,
        "PD": "TTto2L2Nu-3Jets_TuneCP5_13p6TeV_madgraphMLM-pythia8",
        "xsec_formula": "923.6*3*0.1086*3*0.1086",
        "xsec": 98.03611310400001,
        "sumsign": 29709948.0,
        "sumW": 6498251776.0
    },
    "TTLL_amcatnlo": {
        "isMC": 1,
        "PD": "TTto2L2Nu-2Jets_TuneCP5_13p6TeV_amcatnloFXFX-pythia8",
        "xsec_formula": "923.6*3*0.1086*3*0.1086",
        "xsec": 98.03611310400001,
        "sumsign": 16636669.0,
        "sumW": 10888631296.0
    },
    "TTLJ_powheg": {
        "isMC": 1,
        "PD": "TTtoLNu2Q_TuneCP5_13p6TeV_powheg-pythia8",
        "xsec_formula": "923.6*2*3*0.1086*0.6741",
        "xsec": 405.685352016,
        "sumsign": 76380272.0,
        "sumW": 25578594304.0
    }
}