{
    "DYJets_MG": {
        "isMC": 1,
        "PD": "DYto2L-4Jets_MLL-50_TuneCP5_13p6TeV_madgraphMLM-pythia8",
        "xsec": 6275.1,
        "nmc": 71486192.0,
        "sumsign": 71486192.0,
        "sumW": 944482156544.0
    },
    "DYJets": {
        "isMC": 1,
        "PD": "DYto2L-2Jets_MLL-50_TuneCP5_13p6TeV_amcatnloFXFX-pythia8",
        "xsec": 6275.1,
        "nmc": 97500666.0,
        "sumsign": 64904728.0,
        "sumW": 1732324491264.0
    },
    "WJets_MG": {
        "isMC": 1,
        "PD": "WtoLNu-4Jets_TuneCP5_13p6TeV_madgraphMLM-pythia8",
        "xsec": 63396,
        "nmc": 97642583.0,
        "sumsign": 97642600.0,
        "sumW": 12304846422016.0
    },
    "WJets": {
        "isMC": 1,
        "PD": "WtoLNu-2Jets_TuneCP5_13p6TeV_amcatnloFXFX-pythia8",
        "xsec": 63396,
        "nmc": 84739011.0,
        "sumsign": 57588232.0,
        "sumW": 15070578868224.0
    },
    "TTJJ_powheg": {
        "isMC": 1,
        "PD": "TTto4Q_TuneCP5_13p6TeV_powheg-pythia8",
        "xsec_formula": "923.6*0.6741*0.6741",
        "nmc": 51819730.0,
        "sumsign": 51398892.0,
        "sumW": 18056755200.0,
        "xsec": 419.6938241160001
    },
    "TTLJ_powheg": {
        "isMC": 1,
        "PD": "TTtoLNu2Q_TuneCP5_13p6TeV_powheg-pythia8",
        "xsec_formula": "923.6*2*3*0.1086*0.6741",
        "nmc": 76955324.0,
        "sumsign": 76333768.0,
        "sumW": 25677969408.0,
        "xsec": 405.685352016
    },
    "TTLL_powheg": {
        "isMC": 1,
        "PD": "TTto2L2Nu_TuneCP5_13p6TeV_powheg-pythia8",
        "xsec_formula": "923.6*3*0.1086*3*0.1086",
        "nmc": 24047488.0,
        "sumsign": 23853188.0,
        "sumW": 1933946368.0,
        "xsec": 98.03611310400001
    },
    "ST_sch_top_Lep": {
        "isMC": 1,
        "PD": "TBbartoLplusNuBbar-s-channel-4FS_TuneCP5_13p6TeV_amcatnlo-pythia8",
        "xsec_formula": "6.72748*0.1086*3",
        "nmc": 1271280.0,
        "sumsign": 781538.0,
        "sumW": 2891344.0,
        "note": "NLO parmetrization @ 13.6TeV",
        "xsec": 2.191812984
    },
    "ST_sch_antitop_Lep": {
        "isMC": 1,
        "PD": "TbarBtoLminusNuB-s-channel-4FS_TuneCP5_13p6TeV_amcatnlo-pythia8",
        "xsec_formula": "4.24192*0.1086*3",
        "nmc": 785520.0,
        "sumsign": 484738.0,
        "sumW": 1124183.25,
        "note": "NLO parmetrization @ 13.6TeV",
        "xsec": 1.3820175360000002
    },
    "ST_tW_top_Semilep": {
        "isMC": 1,
        "PD": "TWminustoLNu2Q_TuneCP5_13p6TeV_powheg-pythia8",
        "xsec_formula": "(87.9*0.5)*(2*3*0.1086*0.6741)",
        "nmc": 4899672.0,
        "sumsign": 4899500.0,
        "sumW": 176370624.0,
        "xsec": 19.304754462000002
    },
    "ST_tW_antitop_Semilep": {
        "isMC": 1,
        "PD": "TbarWplustoLNu2Q_TuneCP5_13p6TeV_powheg-pythia8",
        "xsec_formula": "(87.9*0.5)*(2*3*0.1086*0.6741)",
        "nmc": 4850663.0,
        "sumsign": 4850487.0,
        "sumW": 174752960.0,
        "xsec": 19.304754462000002
    },
    "ST_tW_top_Lep": {
        "isMC": 1,
        "PD": "TWminusto2L2Nu_TuneCP5_13p6TeV_powheg-pythia8",
        "xsec_formula": "(87.9*0.5)*(3*0.1086*3*0.1086)",
        "nmc": 2499302.0,
        "sumsign": 2499218.0,
        "sumW": 9502808.0,
        "xsec": 4.6651008780000005
    },
    "ST_tW_antitop_Lep": {
        "isMC": 1,
        "PD": "TbarWplusto2L2Nu_TuneCP5_13p6TeV_powheg-pythia8",
        "xsec_formula": "(87.9*0.5)*(3*0.1086*3*0.1086)",
        "nmc": 2461995.0,
        "sumsign": 2461909.0,
        "sumW": 9374717.0,
        "xsec": 4.6651008780000005
    },
    "ST_tW_top_Fullyhad": {
        "isMC": 1,
        "PD": "TWminusto4Q_TuneCP5_13p6TeV_powheg-pythia8",
        "xsec_formula": "(87.9*0.5)*(0.6741*0.6741)",
        "nmc": 3880525.0,
        "sumsign": 3880397.0,
        "sumW": 63643404.0,
        "xsec": 19.971355099500002
    },
    "ST_tW_antitop_Fullyhad": {
        "isMC": 1,
        "PD": "TbarWplusto4Q_TuneCP5_13p6TeV_powheg-pythia8",
        "xsec_formula": "(87.9*0.5)*(0.6741*0.6741)",
        "nmc": 4000000.0,
        "sumsign": 3999850.0,
        "sumW": 65697048.0,
        "xsec": 19.971355099500002
    },
    "ST_tch_top": {
        "isMC": 1,
        "PD": "TBbarQ_t-channel_4FS_TuneCP5_13p6TeV_powheg-madspin-pythia8",
        "xsec": 145,
        "nmc": 2973675.0,
        "sumsign": 2737505.0,
        "sumW": 370608800.0
    },
    "ST_tch_antitop": {
        "isMC": 1,
        "PD": "TbarBQ_t-channel_4FS_TuneCP5_13p6TeV_powheg-madspin-pythia8",
        "xsec": 87.2,
        "nmc": 1433215.0,
        "sumsign": 1325389.0,
        "sumW": 108676656.0
    },
    "WWto2L2Nu": {
        "isMC": 1,
        "PD": "WWto2L2Nu_TuneCP5_13p6TeV_powheg-pythia8",
        "xsec_formula": "1.673*9",
        "nmc": 6599291.0,
        "sumsign": 6597965.0,
        "sumW": 77723008.0,
        "note": "need check the xsec",
        "xsec": 15.057
    },
    "WWtoLNu2Q": {
        "isMC": 1,
        "PD": "WWtoLNu2Q_TuneCP5_13p6TeV_powheg-pythia8",
        "xsec_formula": "1.673/0.1086*0.6741*6",
        "nmc": 26628632.0,
        "sumsign": 26623360.0,
        "sumW": 1304301312.0,
        "note": "need check the xsec",
        "xsec": 62.30769613259669
    },
    "WWto4Q": {
        "isMC": 1,
        "PD": "WWto4Q_TuneCP5_13p6TeV_powheg-pythia8",
        "xsec_formula": "1.6741/0.1086/0.1086*0.6741*0.6741",
        "nmc": 52994740.0,
        "sumsign": 52984348.0,
        "sumW": 2695489792.0,
        "note": "need check the xsec",
        "xsec": 64.50158700054943
    },
    "WZto3LNu": {
        "isMC": 1,
        "PD": "WZto3LNu_TuneCP5_13p6TeV_powheg-pythia8",
        "xsec_formula": "(0.3459+0.2366)*9",
        "nmc": 2776339.0,
        "sumsign": 2770795.0,
        "sumW": 13659271.0,
        "note": "need check the xsec",
        "xsec": 5.2425
    },
    "WZto2L2Q": {
        "isMC": 1,
        "PD": "WZto2L2Q_TuneCP5_13p6TeV_powheg-pythia8",
        "xsec_formula": "(0.3459+0.2366)/0.1086*0.6741",
        "nmc": 4273058.0,
        "sumsign": 4268628.0,
        "sumW": 32330238.0,
        "note": "need check the xsec",
        "xsec": 3.615683701657459
    },
    "WZtoLNu2Q": {
        "isMC": 1,
        "PD": "WZtoLNu2Q_TuneCP5_13p6TeV_powheg-pythia8",
        "xsec_formula": "(0.3459+0.2366)*3/0.033658*0.69911",
        "nmc": 8774784.0,
        "sumsign": 8771020.0,
        "sumW": 139257483.26856613,
        "note": "need check the xsec",
        "xsec": 36.29730598966071
    },
    "ZZto4L": {
        "isMC": 1,
        "PD": "ZZto4L_TuneCP5_13p6TeV_powheg-pythia8",
        "xsec_formula": "0.1633*9",
        "nmc": 14458880.0,
        "sumsign": 14309120.0,
        "sumW": 20116838.0,
        "note": "need check the xsec",
        "xsec": 1.4697
    },
    "ZZto2Nu2Q": {
        "isMC": 1,
        "PD": "ZZto2Nu2Q_TuneCP5_13p6TeV_powheg-pythia8",
        "xsec_formula": "0.1633*2/0.033658*0.69911/0.033658*0.2",
        "nmc": 2958523.0,
        "sumsign": 2953837.0,
        "sumW": 14273165.0,
        "note": "need check the xsec",
        "xsec": 40.310211624522005
    },
    "ZZto2L2Q": {
        "isMC": 1,
        "PD": "ZZto2L2Q_TuneCP5_13p6TeV_powheg-pythia8",
        "xsec_formula": "0.1633*2*3/0.033658*0.69911",
        "nmc": 14997176.0,
        "sumsign": 14904698.0,
        "sumW": 101797520.0,
        "note": "need check the xsec",
        "xsec": 20.351416542872425
    },
    "ZZto2L2Nu": {
        "isMC": 1,
        "PD": "ZZto2L2Nu_TuneCP5_13p6TeV_powheg-pythia8",
        "xsec_formula": "0.1633*2*3/0.033658*0.2",
        "nmc": 16858024.0,
        "sumsign": 16820880.0,
        "sumW": 17356446.0,
        "note": "need check the xsec",
        "xsec": 5.822092815972429
    },
    "QCDB_HT40to100": {
        "isMC": 1,
        "PD": "QCDB-4Jets_HT-40to100_TuneCP5_13p6TeV_madgraphMLM-pythia8",
        "xsec": 13050000,
        "nmc": 28266406.0,
        "sumsign": 28266412.0,
        "sumW": 1352077448052736.0
    },