{
    "name": "ttZtoLL_MLL4to50",
    "isMC": 1,
    "PD": "TTLL_MLL-4to50_TuneCP5_13p6TeV_amcatnlo-pythia8",
    "xsec": 0.03949,
    "nmc": 2646000.0,
    "sumsign": 1460298.0,
    "sumW": 103864.4453125,
    "path": []
}