{
    "name": "ttZtoLL_MLL50toInf",
    "isMC": 1,
    "PD": "TTLL_MLL-50_TuneCP5_13p6TeV_amcatnlo-pythia8",
    "xsec": 0.08646,
    "nmc": 3856000.0,
    "sumsign": 2003134.0,
    "sumW": 332397.43246492743,
    "path": [
        "/gv0/DATA/SKNano/Run3NanoAODv12/2023BPix/MC/TTLL_MLL-50_TuneCP5_13p6TeV_amcatnlo-pythia8/250521_082945/0000/tree_1.root",
        "/gv0/DATA/SKNano/Run3NanoAODv12/2023BPix/MC/TTLL_MLL-50_TuneCP5_13p6TeV_amcatnlo-pythia8/250521_082945/0000/tree_2.root",
        "/gv0/DATA/SKNano/Run3NanoAODv12/2023BPix/MC/TTLL_MLL-50_TuneCP5_13p6TeV_amcatnlo-pythia8/250521_082945/0000/tree_3.root",
        "/gv0/DATA/SKNano/Run3NanoAODv12/2023BPix/MC/TTLL_MLL-50_TuneCP5_13p6TeV_amcatnlo-pythia8/250521_082945/0000/tree_4.root",
        "/gv0/DATA/SKNano/Run3NanoAODv12/2023BPix/MC/TTLL_MLL-50_TuneCP5_13p6TeV_amcatnlo-pythia8/250521_082945/0000/tree_5.root",
        "/gv0/DATA/SKNano/Run3NanoAODv12/2023BPix/MC/TTLL_MLL-50_TuneCP5_13p6TeV_amcatnlo-pythia8/250521_082945/0000/tree_6.root",
        "/gv0/DATA/SKNano/Run3NanoAODv12/2023BPix/MC/TTLL_MLL-50_TuneCP5_13p6TeV_amcatnlo-pythia8/250521_082945/0000/tree_7.root",
        "/gv0/DATA/SKNano/Run3NanoAODv12/2023BPix/MC/TTLL_MLL-50_TuneCP5_13p6TeV_amcatnlo-pythia8/250521_082945/0000/tree_8.root",
        "/gv0/DATA/SKNano/Run3NanoAODv12/2023BPix/MC/TTLL_MLL-50_TuneCP5_13p6TeV_amcatnlo-pythia8/250521_082945/0000/tree_9.root",
        "/gv0/DATA/SKNano/Run3NanoAODv12/2023BPix/MC/TTLL_MLL-50_TuneCP5_13p6TeV_amcatnlo-pythia8/250521_082945/0000/tree_10.root",
        "/gv0/DATA/SKNano/Run3NanoAODv12/2023BPix/MC/TTLL_MLL-50_TuneCP5_13p6TeV_amcatnlo-pythia8/250521_082945/0000/tree_11.root",
        "/gv0/DATA/SKNano/Run3NanoAODv12/2023BPix/MC/TTLL_MLL-50_TuneCP5_13p6TeV_amcatnlo-pythia8/250521_082945/0000/tree_12.root",
        "/gv0/DATA/SKNano/Run3NanoAODv12/2023BPix/MC/TTLL_MLL-50_TuneCP5_13p6TeV_amcatnlo-pythia8/250521_082945/0000/tree_13.root",
        "/gv0/DATA/SKNano/Run3NanoAODv12/2023BPix/MC/TTLL_MLL-50_TuneCP5_13p6TeV_amcatnlo-pythia8/250521_082945/0000/tree_14.root",
        "/gv0/DATA/SKNano/Run3NanoAODv12/2023BPix/MC/TTLL_MLL-50_TuneCP5_13p6TeV_amcatnlo-pythia8/250521_082945/0000/tree_15.root",
        "/gv0/DATA/SKNano/Run3NanoAODv12/2023BPix/MC/TTLL_MLL-50_TuneCP5_13p6TeV_amcatnlo-pythia8/250521_082945/0000/tree_16.root",
        "/gv0/DATA/SKNano/Run3NanoAODv12/2023BPix/MC/TTLL_MLL-50_TuneCP5_13p6TeV_amcatnlo-pythia8/250521_082945/0000/tree_17.root",
        "/gv0/DATA/SKNano/Run3NanoAODv12/2023BPix/MC/TTLL_MLL-50_TuneCP5_13p6TeV_amcatnlo-pythia8/250521_082945/0000/tree_18.root",
        "/gv0/DATA/SKNano/Run3NanoAODv12/2023BPix/MC/TTLL_MLL-50_TuneCP5_13p6TeV_amcatnlo-pythia8/250521_082945/0000/tree_19.root",
        "/gv0/DATA/SKNano/Run3NanoAODv12/2023BPix/MC/TTLL_MLL-50_TuneCP5_13p6TeV_amcatnlo-pythia8/250521_082945/0000/tree_20.root",
        "/gv0/DATA/SKNano/Run3NanoAODv12/2023BPix/MC/TTLL_MLL-50_TuneCP5_13p6TeV_amcatnlo-pythia8/250521_082945/0000/tree_21.root",
        "/gv0/DATA/SKNano/Run3NanoAODv12/2023BPix/MC/TTLL_MLL-50_TuneCP5_13p6TeV_amcatnlo-pythia8/250521_082945/0000/tree_22.root",
        "/gv0/DATA/SKNano/Run3NanoAODv12/2023BPix/MC/TTLL_MLL-50_TuneCP5_13p6TeV_amcatnlo-pythia8/250521_082945/0000/tree_23.root",
        "/gv0/DATA/SKNano/Run3NanoAODv12/2023BPix/MC/TTLL_MLL-50_TuneCP5_13p6TeV_amcatnlo-pythia8/250521_082945/0000/tree_24.root",
        "/gv0/DATA/SKNano/Run3NanoAODv12/2023BPix/MC/TTLL_MLL-50_TuneCP5_13p6TeV_amcatnlo-pythia8/250521_082945/0000/tree_25.root",
        "/gv0/DATA/SKNano/Run3NanoAODv12/2023BPix/MC/TTLL_MLL-50_TuneCP5_13p6TeV_amcatnlo-pythia8/250521_082945/0000/tree_26.root",
        "/gv0/DATA/SKNano/Run3NanoAODv12/2023BPix/MC/TTLL_MLL-50_TuneCP5_13p6TeV_amcatnlo-pythia8/250521_082945/0000/tree_27.root",
        "/gv0/DATA/SKNano/Run3NanoAODv12/2023BPix/MC/TTLL_MLL-50_TuneCP5_13p6TeV_amcatnlo-pythia8/250521_082945/0000/tree_28.root",
        "/gv0/DATA/SKNano/Run3NanoAODv12/2023BPix/MC/TTLL_MLL-50_TuneCP5_13p6TeV_amcatnlo-pythia8/250521_082945/0000/tree_29.root",
        "/gv0/DATA/SKNano/Run3NanoAODv12/2023BPix/MC/TTLL_MLL-50_TuneCP5_13p6TeV_amcatnlo-pythia8/250521_082945/0000/tree_30.root",
        "/gv0/DATA/SKNano/Run3NanoAODv12/2023BPix/MC/TTLL_MLL-50_TuneCP5_13p6TeV_amcatnlo-pythia8/250521_082945/0000/tree_31.root",
        "/gv0/DATA/SKNano/Run3NanoAODv12/2023BPix/MC/TTLL_MLL-50_TuneCP5_13p6TeV_amcatnlo-pythia8/250521_082945/0000/tree_32.root",
        "/gv0/DATA/SKNano/Run3NanoAODv12/2023BPix/MC/TTLL_MLL-50_TuneCP5_13p6TeV_amcatnlo-pythia8/250521_082945/0000/tree_33.root",
        "/gv0/DATA/SKNano/Run3NanoAODv12/2023BPix/MC/TTLL_MLL-50_TuneCP5_13p6TeV_amcatnlo-pythia8/250521_082945/0000/tree_34.root",
        "/gv0/DATA/SKNano/Run3NanoAODv12/2023BPix/MC/TTLL_MLL-50_TuneCP5_13p6TeV_amcatnlo-pythia8/250521_082945/0000/tree_35.root",
        "/gv0/DATA/SKNano/Run3NanoAODv12/2023BPix/MC/TTLL_MLL-50_TuneCP5_13p6TeV_amcatnlo-pythia8/250521_082945/0000/tree_36.root",
        "/gv0/DATA/SKNano/Run3NanoAODv12/2023BPix/MC/TTLL_MLL-50_TuneCP5_13p6TeV_amcatnlo-pythia8/250521_082945/0000/tree_37.root",
        "/gv0/DATA/SKNano/Run3NanoAODv12/2023BPix/MC/TTLL_MLL-50_TuneCP5_13p6TeV_amcatnlo-pythia8/250521_082945/0000/tree_38.root",
        "/gv0/DATA/SKNano/Run3NanoAODv12/2023BPix/MC/TTLL_MLL-50_TuneCP5_13p6TeV_amcatnlo-pythia8/250521_082945/0000/tree_39.root",
        "/gv0/DATA/SKNano/Run3NanoAODv12/2023BPix/MC/TTLL_MLL-50_TuneCP5_13p6TeV_amcatnlo-pythia8/250521_082945/0000/tree_40.root",
        "/gv0/DATA/SKNano/Run3NanoAODv12/2023BPix/MC/TTLL_MLL-50_TuneCP5_13p6TeV_amcatnlo-pythia8/250521_082945/0000/tree_41.root",
        "/gv0/DATA/SKNano/Run3NanoAODv12/2023BPix/MC/TTLL_MLL-50_TuneCP5_13p6TeV_amcatnlo-pythia8/250521_082945/0000/tree_42.root",
        "/gv0/DATA/SKNano/Run3NanoAODv12/2023BPix/MC/TTLL_MLL-50_TuneCP5_13p6TeV_amcatnlo-pythia8/250521_082945/0000/tree_43.root"
    ]
}