{
    "name": "ttZtoLL_MLL4to50",
    "isMC": 1,
    "PD": "TTLL_MLL-4to50_TuneCP5_13p6TeV_amcatnlo-pythia8",
    "xsec": 0.03949,
    "nmc": 6115576.0,
    "sumsign": 3388632.0,
    "sumW": 241042.828125,
    "path": [
        "/gv0/DATA/SKNano/Run3NanoAODv12/2022EE/MC/TTLL_MLL-4to50_TuneCP5_13p6TeV_amcatnlo-pythia8/250520_065853/0000/tree_1.root",
        "/gv0/DATA/SKNano/Run3NanoAODv12/2022EE/MC/TTLL_MLL-4to50_TuneCP5_13p6TeV_amcatnlo-pythia8/250520_065853/0000/tree_2.root",
        "/gv0/DATA/SKNano/Run3NanoAODv12/2022EE/MC/TTLL_MLL-4to50_TuneCP5_13p6TeV_amcatnlo-pythia8/250520_065853/0000/tree_3.root",
        "/gv0/DATA/SKNano/Run3NanoAODv12/2022EE/MC/TTLL_MLL-4to50_TuneCP5_13p6TeV_amcatnlo-pythia8/250520_065853/0000/tree_4.root",
        "/gv0/DATA/SKNano/Run3NanoAODv12/2022EE/MC/TTLL_MLL-4to50_TuneCP5_13p6TeV_amcatnlo-pythia8/250520_065853/0000/tree_5.root",
        "/gv0/DATA/SKNano/Run3NanoAODv12/2022EE/MC/TTLL_MLL-4to50_TuneCP5_13p6TeV_amcatnlo-pythia8/250520_065853/0000/tree_6.root",
        "/gv0/DATA/SKNano/Run3NanoAODv12/2022EE/MC/TTLL_MLL-4to50_TuneCP5_13p6TeV_amcatnlo-pythia8/250520_065853/0000/tree_7.root",
        "/gv0/DATA/SKNano/Run3NanoAODv12/2022EE/MC/TTLL_MLL-4to50_TuneCP5_13p6TeV_amcatnlo-pythia8/250520_065853/0000/tree_8.root",
        "/gv0/DATA/SKNano/Run3NanoAODv12/2022EE/MC/TTLL_MLL-4to50_TuneCP5_13p6TeV_amcatnlo-pythia8/250520_065853/0000/tree_9.root",
        "/gv0/DATA/SKNano/Run3NanoAODv12/2022EE/MC/TTLL_MLL-4to50_TuneCP5_13p6TeV_amcatnlo-pythia8/250520_065853/0000/tree_10.root",
        "/gv0/DATA/SKNano/Run3NanoAODv12/2022EE/MC/TTLL_MLL-4to50_TuneCP5_13p6TeV_amcatnlo-pythia8/250520_065853/0000/tree_11.root",
        "/gv0/DATA/SKNano/Run3NanoAODv12/2022EE/MC/TTLL_MLL-4to50_TuneCP5_13p6TeV_amcatnlo-pythia8/250520_065853/0000/tree_12.root",
        "/gv0/DATA/SKNano/Run3NanoAODv12/2022EE/MC/TTLL_MLL-4to50_TuneCP5_13p6TeV_amcatnlo-pythia8/250520_065853/0000/tree_13.root",
        "/gv0/DATA/SKNano/Run3NanoAODv12/2022EE/MC/TTLL_MLL-4to50_TuneCP5_13p6TeV_amcatnlo-pythia8/250520_065853/0000/tree_14.root",
        "/gv0/DATA/SKNano/Run3NanoAODv12/2022EE/MC/TTLL_MLL-4to50_TuneCP5_13p6TeV_amcatnlo-pythia8/250520_065853/0000/tree_15.root",
        "/gv0/DATA/SKNano/Run3NanoAODv12/2022EE/MC/TTLL_MLL-4to50_TuneCP5_13p6TeV_amcatnlo-pythia8/250520_065853/0000/tree_16.root",
        "/gv0/DATA/SKNano/Run3NanoAODv12/2022EE/MC/TTLL_MLL-4to50_TuneCP5_13p6TeV_amcatnlo-pythia8/250520_065853/0000/tree_17.root",
        "/gv0/DATA/SKNano/Run3NanoAODv12/2022EE/MC/TTLL_MLL-4to50_TuneCP5_13p6TeV_amcatnlo-pythia8/250520_065853/0000/tree_18.root",
        "/gv0/DATA/SKNano/Run3NanoAODv12/2022EE/MC/TTLL_MLL-4to50_TuneCP5_13p6TeV_amcatnlo-pythia8/250520_065853/0000/tree_19.root",
        "/gv0/DATA/SKNano/Run3NanoAODv12/2022EE/MC/TTLL_MLL-4to50_TuneCP5_13p6TeV_amcatnlo-pythia8/250520_065853/0000/tree_20.root",
        "/gv0/DATA/SKNano/Run3NanoAODv12/2022EE/MC/TTLL_MLL-4to50_TuneCP5_13p6TeV_amcatnlo-pythia8/250520_065853/0000/tree_21.root",
        "/gv0/DATA/SKNano/Run3NanoAODv12/2022EE/MC/TTLL_MLL-4to50_TuneCP5_13p6TeV_amcatnlo-pythia8/250520_065853/0000/tree_22.root",
        "/gv0/DATA/SKNano/Run3NanoAODv12/2022EE/MC/TTLL_MLL-4to50_TuneCP5_13p6TeV_amcatnlo-pythia8/250520_065853/0000/tree_23.root",
        "/gv0/DATA/SKNano/Run3NanoAODv12/2022EE/MC/TTLL_MLL-4to50_TuneCP5_13p6TeV_amcatnlo-pythia8/250520_065853/0000/tree_24.root",
        "/gv0/DATA/SKNano/Run3NanoAODv12/2022EE/MC/TTLL_MLL-4to50_TuneCP5_13p6TeV_amcatnlo-pythia8/250520_065853/0000/tree_25.root"
    ]
}