{
    "name": "WWG",
    "isMC": 1,
    "PD": "WWG_TuneCP5_13TeV-amcatnlo-pythia8",
    "xsec": 0.01398,
    "sumsign": 693392.0,
    "sumW": 270688.41137218475,
    "nmc": 800000.0,
    "path": [
        "/gv0/DATA/SKNano/Run2NanoAODv9p1/2016preVFP/WWG_TuneCP5_13TeV-amcatnlo-pythia8/250411_104852/0000/NANOAOD_1.root",
        "/gv0/DATA/SKNano/Run2NanoAODv9p1/2016preVFP/WWG_TuneCP5_13TeV-amcatnlo-pythia8/250411_104852/0000/NANOAOD_2.root",
        "/gv0/DATA/SKNano/Run2NanoAODv9p1/2016preVFP/WWG_TuneCP5_13TeV-amcatnlo-pythia8/250411_104852/0000/NANOAOD_3.root",
        "/gv0/DATA/SKNano/Run2NanoAODv9p1/2016preVFP/WWG_TuneCP5_13TeV-amcatnlo-pythia8/250411_104852/0000/NANOAOD_4.root",
        "/gv0/DATA/SKNano/Run2NanoAODv9p1/2016preVFP/WWG_TuneCP5_13TeV-amcatnlo-pythia8/250411_104852/0000/NANOAOD_5.root",
        "/gv0/DATA/SKNano/Run2NanoAODv9p1/2016preVFP/WWG_TuneCP5_13TeV-amcatnlo-pythia8/250411_104852/0000/NANOAOD_6.root",
        "/gv0/DATA/SKNano/Run2NanoAODv9p1/2016preVFP/WWG_TuneCP5_13TeV-amcatnlo-pythia8/250411_104852/0000/NANOAOD_7.root",
        "/gv0/DATA/SKNano/Run2NanoAODv9p1/2016preVFP/WWG_TuneCP5_13TeV-amcatnlo-pythia8/250411_104852/0000/NANOAOD_8.root",
        "/gv0/DATA/SKNano/Run2NanoAODv9p1/2016preVFP/WWG_TuneCP5_13TeV-amcatnlo-pythia8/250411_104852/0000/NANOAOD_9.root",
        "/gv0/DATA/SKNano/Run2NanoAODv9p1/2016preVFP/WWG_TuneCP5_13TeV-amcatnlo-pythia8/250411_104852/0000/NANOAOD_10.root",
        "/gv0/DATA/SKNano/Run2NanoAODv9p1/2016preVFP/WWG_TuneCP5_13TeV-amcatnlo-pythia8/250411_104852/0000/NANOAOD_11.root",
        "/gv0/DATA/SKNano/Run2NanoAODv9p1/2016preVFP/WWG_TuneCP5_13TeV-amcatnlo-pythia8/250411_104852/0000/NANOAOD_12.root",
        "/gv0/DATA/SKNano/Run2NanoAODv9p1/2016preVFP/WWG_TuneCP5_13TeV-amcatnlo-pythia8/250411_104852/0000/NANOAOD_13.root"
    ]
}