{
    "name": "VBFHToZZTo4L",
    "isMC": 1,
    "PD": "VBF_HToZZTo4L_M125_TuneCP5_13TeV_powheg2_JHUGenV7011_pythia8",
    "xsec": 0.001034,
    "sumsign": 497314.0,
    "sumW": 1959725.4675893784,
    "nmc": 498000.0,
    "path": [
        "/gv0/DATA/SKNano/Run2NanoAODv9p1/2016postVFP/VBF_HToZZTo4L_M125_TuneCP5_13TeV_powheg2_JHUGenV7011_pythia8/250411_102001/0000/NANOAOD_1.root",
        "/gv0/DATA/SKNano/Run2NanoAODv9p1/2016postVFP/VBF_HToZZTo4L_M125_TuneCP5_13TeV_powheg2_JHUGenV7011_pythia8/250411_102001/0000/NANOAOD_2.root",
        "/gv0/DATA/SKNano/Run2NanoAODv9p1/2016postVFP/VBF_HToZZTo4L_M125_TuneCP5_13TeV_powheg2_JHUGenV7011_pythia8/250411_102001/0000/NANOAOD_3.root",
        "/gv0/DATA/SKNano/Run2NanoAODv9p1/2016postVFP/VBF_HToZZTo4L_M125_TuneCP5_13TeV_powheg2_JHUGenV7011_pythia8/250411_102001/0000/NANOAOD_4.root",
        "/gv0/DATA/SKNano/Run2NanoAODv9p1/2016postVFP/VBF_HToZZTo4L_M125_TuneCP5_13TeV_powheg2_JHUGenV7011_pythia8/250411_102001/0000/NANOAOD_5.root",
        "/gv0/DATA/SKNano/Run2NanoAODv9p1/2016postVFP/VBF_HToZZTo4L_M125_TuneCP5_13TeV_powheg2_JHUGenV7011_pythia8/250411_102001/0000/NANOAOD_6.root",
        "/gv0/DATA/SKNano/Run2NanoAODv9p1/2016postVFP/VBF_HToZZTo4L_M125_TuneCP5_13TeV_powheg2_JHUGenV7011_pythia8/250411_102001/0000/NANOAOD_7.root",
        "/gv0/DATA/SKNano/Run2NanoAODv9p1/2016postVFP/VBF_HToZZTo4L_M125_TuneCP5_13TeV_powheg2_JHUGenV7011_pythia8/250411_102001/0000/NANOAOD_8.root",
        "/gv0/DATA/SKNano/Run2NanoAODv9p1/2016postVFP/VBF_HToZZTo4L_M125_TuneCP5_13TeV_powheg2_JHUGenV7011_pythia8/250411_102001/0000/NANOAOD_9.root",
        "/gv0/DATA/SKNano/Run2NanoAODv9p1/2016postVFP/VBF_HToZZTo4L_M125_TuneCP5_13TeV_powheg2_JHUGenV7011_pythia8/250411_102001/0000/NANOAOD_10.root",
        "/gv0/DATA/SKNano/Run2NanoAODv9p1/2016postVFP/VBF_HToZZTo4L_M125_TuneCP5_13TeV_powheg2_JHUGenV7011_pythia8/250411_102001/0000/NANOAOD_11.root",
        "/gv0/DATA/SKNano/Run2NanoAODv9p1/2016postVFP/VBF_HToZZTo4L_M125_TuneCP5_13TeV_powheg2_JHUGenV7011_pythia8/250411_102001/0000/NANOAOD_12.root",
        "/gv0/DATA/SKNano/Run2NanoAODv9p1/2016postVFP/VBF_HToZZTo4L_M125_TuneCP5_13TeV_powheg2_JHUGenV7011_pythia8/250411_102001/0000/NANOAOD_13.root",
        "/gv0/DATA/SKNano/Run2NanoAODv9p1/2016postVFP/VBF_HToZZTo4L_M125_TuneCP5_13TeV_powheg2_JHUGenV7011_pythia8/250411_102001/0000/NANOAOD_14.root",
        "/gv0/DATA/SKNano/Run2NanoAODv9p1/2016postVFP/VBF_HToZZTo4L_M125_TuneCP5_13TeV_powheg2_JHUGenV7011_pythia8/250411_102001/0000/NANOAOD_15.root",
        "/gv0/DATA/SKNano/Run2NanoAODv9p1/2016postVFP/VBF_HToZZTo4L_M125_TuneCP5_13TeV_powheg2_JHUGenV7011_pythia8/250411_102001/0000/NANOAOD_16.root",
        "/gv0/DATA/SKNano/Run2NanoAODv9p1/2016postVFP/VBF_HToZZTo4L_M125_TuneCP5_13TeV_powheg2_JHUGenV7011_pythia8/250411_102001/0000/NANOAOD_17.root",
        "/gv0/DATA/SKNano/Run2NanoAODv9p1/2016postVFP/VBF_HToZZTo4L_M125_TuneCP5_13TeV_powheg2_JHUGenV7011_pythia8/250411_102001/0000/NANOAOD_18.root",
        "/gv0/DATA/SKNano/Run2NanoAODv9p1/2016postVFP/VBF_HToZZTo4L_M125_TuneCP5_13TeV_powheg2_JHUGenV7011_pythia8/250411_102001/0000/NANOAOD_19.root",
        "/gv0/DATA/SKNano/Run2NanoAODv9p1/2016postVFP/VBF_HToZZTo4L_M125_TuneCP5_13TeV_powheg2_JHUGenV7011_pythia8/250411_102001/0000/NANOAOD_20.root",
        "/gv0/DATA/SKNano/Run2NanoAODv9p1/2016postVFP/VBF_HToZZTo4L_M125_TuneCP5_13TeV_powheg2_JHUGenV7011_pythia8/250411_102001/0000/NANOAOD_21.root",
        "/gv0/DATA/SKNano/Run2NanoAODv9p1/2016postVFP/VBF_HToZZTo4L_M125_TuneCP5_13TeV_powheg2_JHUGenV7011_pythia8/250411_102001/0000/NANOAOD_22.root",
        "/gv0/DATA/SKNano/Run2NanoAODv9p1/2016postVFP/VBF_HToZZTo4L_M125_TuneCP5_13TeV_powheg2_JHUGenV7011_pythia8/250411_102001/0000/NANOAOD_23.root",
        "/gv0/DATA/SKNano/Run2NanoAODv9p1/2016postVFP/VBF_HToZZTo4L_M125_TuneCP5_13TeV_powheg2_JHUGenV7011_pythia8/250411_102001/0000/NANOAOD_24.root",
        "/gv0/DATA/SKNano/Run2NanoAODv9p1/2016postVFP/VBF_HToZZTo4L_M125_TuneCP5_13TeV_powheg2_JHUGenV7011_pythia8/250411_102001/0000/NANOAOD_25.root",
        "/gv0/DATA/SKNano/Run2NanoAODv9p1/2016postVFP/VBF_HToZZTo4L_M125_TuneCP5_13TeV_powheg2_JHUGenV7011_pythia8/250411_102001/0000/NANOAOD_26.root"
    ]
}