{
    "name": "ttWtoLNu_EWK",
    "isMC": 1,
    "PD": "TTLNu-EWK_TuneCP5_13p6TeV_amcatnlo-pythia8",
    "xsec": 0.01769,
    "nmc": 298552.0,
    "sumsign": 288370.0,
    "sumW": 5288.958506118506,
    "path": [
        "/gv0/DATA/SKNano/Run3NanoAODv12/2022/MC/TTLNu-EWK_TuneCP5_13p6TeV_amcatnlo-pythia8/250521_072152/0000/tree_1.root",
        "/gv0/DATA/SKNano/Run3NanoAODv12/2022/MC/TTLNu-EWK_TuneCP5_13p6TeV_amcatnlo-pythia8/250521_072152/0000/tree_2.root",
        "/gv0/DATA/SKNano/Run3NanoAODv12/2022/MC/TTLNu-EWK_TuneCP5_13p6TeV_amcatnlo-pythia8/250521_072152/0000/tree_3.root",
        "/gv0/DATA/SKNano/Run3NanoAODv12/2022/MC/TTLNu-EWK_TuneCP5_13p6TeV_amcatnlo-pythia8/250521_072152/0000/tree_4.root",
        "/gv0/DATA/SKNano/Run3NanoAODv12/2022/MC/TTLNu-EWK_TuneCP5_13p6TeV_amcatnlo-pythia8/250521_072152/0000/tree_5.root",
        "/gv0/DATA/SKNano/Run3NanoAODv12/2022/MC/TTLNu-EWK_TuneCP5_13p6TeV_amcatnlo-pythia8/250521_072152/0000/tree_6.root",
        "/gv0/DATA/SKNano/Run3NanoAODv12/2022/MC/TTLNu-EWK_TuneCP5_13p6TeV_amcatnlo-pythia8/250521_072152/0000/tree_7.root",
        "/gv0/DATA/SKNano/Run3NanoAODv12/2022/MC/TTLNu-EWK_TuneCP5_13p6TeV_amcatnlo-pythia8/250521_072152/0000/tree_8.root",
        "/gv0/DATA/SKNano/Run3NanoAODv12/2022/MC/TTLNu-EWK_TuneCP5_13p6TeV_amcatnlo-pythia8/250521_072152/0000/tree_9.root",
        "/gv0/DATA/SKNano/Run3NanoAODv12/2022/MC/TTLNu-EWK_TuneCP5_13p6TeV_amcatnlo-pythia8/250521_072152/0000/tree_10.root",
        "/gv0/DATA/SKNano/Run3NanoAODv12/2022/MC/TTLNu-EWK_TuneCP5_13p6TeV_amcatnlo-pythia8/250521_072152/0000/tree_11.root",
        "/gv0/DATA/SKNano/Run3NanoAODv12/2022/MC/TTLNu-EWK_TuneCP5_13p6TeV_amcatnlo-pythia8/250521_072152/0000/tree_12.root",
        "/gv0/DATA/SKNano/Run3NanoAODv12/2022/MC/TTLNu-EWK_TuneCP5_13p6TeV_amcatnlo-pythia8/250521_072152/0000/tree_13.root",
        "/gv0/DATA/SKNano/Run3NanoAODv12/2022/MC/TTLNu-EWK_TuneCP5_13p6TeV_amcatnlo-pythia8/250521_072152/0000/tree_14.root",
        "/gv0/DATA/SKNano/Run3NanoAODv12/2022/MC/TTLNu-EWK_TuneCP5_13p6TeV_amcatnlo-pythia8/250521_072152/0000/tree_15.root",
        "/gv0/DATA/SKNano/Run3NanoAODv12/2022/MC/TTLNu-EWK_TuneCP5_13p6TeV_amcatnlo-pythia8/250521_072152/0000/tree_16.root",
        "/gv0/DATA/SKNano/Run3NanoAODv12/2022/MC/TTLNu-EWK_TuneCP5_13p6TeV_amcatnlo-pythia8/250521_072152/0000/tree_17.root",
        "/gv0/DATA/SKNano/Run3NanoAODv12/2022/MC/TTLNu-EWK_TuneCP5_13p6TeV_amcatnlo-pythia8/250521_072152/0000/tree_18.root",
        "/gv0/DATA/SKNano/Run3NanoAODv12/2022/MC/TTLNu-EWK_TuneCP5_13p6TeV_amcatnlo-pythia8/250521_072152/0000/tree_19.root",
        "/gv0/DATA/SKNano/Run3NanoAODv12/2022/MC/TTLNu-EWK_TuneCP5_13p6TeV_amcatnlo-pythia8/250521_072152/0000/tree_20.root",
        "/gv0/DATA/SKNano/Run3NanoAODv12/2022/MC/TTLNu-EWK_TuneCP5_13p6TeV_amcatnlo-pythia8/250521_072152/0000/tree_21.root",
        "/gv0/DATA/SKNano/Run3NanoAODv12/2022/MC/TTLNu-EWK_TuneCP5_13p6TeV_amcatnlo-pythia8/250521_072152/0000/tree_22.root",
        "/gv0/DATA/SKNano/Run3NanoAODv12/2022/MC/TTLNu-EWK_TuneCP5_13p6TeV_amcatnlo-pythia8/250521_072152/0000/tree_23.root",
        "/gv0/DATA/SKNano/Run3NanoAODv12/2022/MC/TTLNu-EWK_TuneCP5_13p6TeV_amcatnlo-pythia8/250521_072152/0000/tree_24.root",
        "/gv0/DATA/SKNano/Run3NanoAODv12/2022/MC/TTLNu-EWK_TuneCP5_13p6TeV_amcatnlo-pythia8/250521_072152/0000/tree_25.root",
        "/gv0/DATA/SKNano/Run3NanoAODv12/2022/MC/TTLNu-EWK_TuneCP5_13p6TeV_amcatnlo-pythia8/250521_072152/0000/tree_26.root",
        "/gv0/DATA/SKNano/Run3NanoAODv12/2022/MC/TTLNu-EWK_TuneCP5_13p6TeV_amcatnlo-pythia8/250521_072152/0000/tree_27.root",
        "/gv0/DATA/SKNano/Run3NanoAODv12/2022/MC/TTLNu-EWK_TuneCP5_13p6TeV_amcatnlo-pythia8/250521_072152/0000/tree_28.root",
        "/gv0/DATA/SKNano/Run3NanoAODv12/2022/MC/TTLNu-EWK_TuneCP5_13p6TeV_amcatnlo-pythia8/250521_072152/0000/tree_29.root",
        "/gv0/DATA/SKNano/Run3NanoAODv12/2022/MC/TTLNu-EWK_TuneCP5_13p6TeV_amcatnlo-pythia8/250521_072152/0000/tree_30.root",
        "/gv0/DATA/SKNano/Run3NanoAODv12/2022/MC/TTLNu-EWK_TuneCP5_13p6TeV_amcatnlo-pythia8/250521_072152/0000/tree_31.root"
    ]
}