{
    "name": "ttZtoLL_MLL4to50",
    "isMC": 1,
    "PD": "TTLL_MLL-4to50_TuneCP5_13p6TeV_amcatnlo-pythia8",
    "xsec": 0.03949,
    "nmc": 6115576.0,
    "sumsign": 3388632.0,
    "sumW": 241042.828125,
    "path": []
}