{
    "name": "DYGTo2LG_MLL50_PTG400to600",
    "isMC": 1,
    "PD": "DYGto2LG-1Jets_MLL-50_PTG-400to600_TuneCP5_13p6TeV_amcatnloFXFX-pythia8",
    "xsec": 0.00313,
    "sumsign": 266061.0,
    "sumW": 4315.614386904985,
    "nmc": 501187.0,
    "path": [
        "/gv0/DATA/SKNano/Run3NanoAODv13p1/2023BPix/DYGto2LG-1Jets_MLL-50_PTG-400to600_TuneCP5_13p6TeV_amcatnloFXFX-pythia8/250617_130954/0000/NANOAOD_1.root",
        "/gv0/DATA/SKNano/Run3NanoAODv13p1/2023BPix/DYGto2LG-1Jets_MLL-50_PTG-400to600_TuneCP5_13p6TeV_amcatnloFXFX-pythia8/250617_130954/0000/NANOAOD_2.root",
        "/gv0/DATA/SKNano/Run3NanoAODv13p1/2023BPix/DYGto2LG-1Jets_MLL-50_PTG-400to600_TuneCP5_13p6TeV_amcatnloFXFX-pythia8/250617_130954/0000/NANOAOD_3.root",
        "/gv0/DATA/SKNano/Run3NanoAODv13p1/2023BPix/DYGto2LG-1Jets_MLL-50_PTG-400to600_TuneCP5_13p6TeV_amcatnloFXFX-pythia8/250617_130954/0000/NANOAOD_4.root",
        "/gv0/DATA/SKNano/Run3NanoAODv13p1/2023BPix/DYGto2LG-1Jets_MLL-50_PTG-400to600_TuneCP5_13p6TeV_amcatnloFXFX-pythia8/250617_130954/0000/NANOAOD_5.root",
        "/gv0/DATA/SKNano/Run3NanoAODv13p1/2023BPix/DYGto2LG-1Jets_MLL-50_PTG-400to600_TuneCP5_13p6TeV_amcatnloFXFX-pythia8/250617_130954/0000/NANOAOD_6.root",
        "/gv0/DATA/SKNano/Run3NanoAODv13p1/2023BPix/DYGto2LG-1Jets_MLL-50_PTG-400to600_TuneCP5_13p6TeV_amcatnloFXFX-pythia8/250617_130954/0000/NANOAOD_7.root",
        "/gv0/DATA/SKNano/Run3NanoAODv13p1/2023BPix/DYGto2LG-1Jets_MLL-50_PTG-400to600_TuneCP5_13p6TeV_amcatnloFXFX-pythia8/250617_130954/0000/NANOAOD_8.root",
        "/gv0/DATA/SKNano/Run3NanoAODv13p1/2023BPix/DYGto2LG-1Jets_MLL-50_PTG-400to600_TuneCP5_13p6TeV_amcatnloFXFX-pythia8/250617_130954/0000/NANOAOD_9.root",
        "/gv0/DATA/SKNano/Run3NanoAODv13p1/2023BPix/DYGto2LG-1Jets_MLL-50_PTG-400to600_TuneCP5_13p6TeV_amcatnloFXFX-pythia8/250617_130954/0000/NANOAOD_10.root",
        "/gv0/DATA/SKNano/Run3NanoAODv13p1/2023BPix/DYGto2LG-1Jets_MLL-50_PTG-400to600_TuneCP5_13p6TeV_amcatnloFXFX-pythia8/250617_130954/0000/NANOAOD_11.root",
        "/gv0/DATA/SKNano/Run3NanoAODv13p1/2023BPix/DYGto2LG-1Jets_MLL-50_PTG-400to600_TuneCP5_13p6TeV_amcatnloFXFX-pythia8/250617_130954/0000/NANOAOD_12.root",
        "/gv0/DATA/SKNano/Run3NanoAODv13p1/2023BPix/DYGto2LG-1Jets_MLL-50_PTG-400to600_TuneCP5_13p6TeV_amcatnloFXFX-pythia8/250617_130954/0000/NANOAOD_13.root",
        "/gv0/DATA/SKNano/Run3NanoAODv13p1/2023BPix/DYGto2LG-1Jets_MLL-50_PTG-400to600_TuneCP5_13p6TeV_amcatnloFXFX-pythia8/250617_130954/0000/NANOAOD_14.root",
        "/gv0/DATA/SKNano/Run3NanoAODv13p1/2023BPix/DYGto2LG-1Jets_MLL-50_PTG-400to600_TuneCP5_13p6TeV_amcatnloFXFX-pythia8/250617_130954/0000/NANOAOD_15.root",
        "/gv0/DATA/SKNano/Run3NanoAODv13p1/2023BPix/DYGto2LG-1Jets_MLL-50_PTG-400to600_TuneCP5_13p6TeV_amcatnloFXFX-pythia8/250617_130954/0000/NANOAOD_16.root",
        "/gv0/DATA/SKNano/Run3NanoAODv13p1/2023BPix/DYGto2LG-1Jets_MLL-50_PTG-400to600_TuneCP5_13p6TeV_amcatnloFXFX-pythia8/250617_130954/0000/NANOAOD_17.root",
        "/gv0/DATA/SKNano/Run3NanoAODv13p1/2023BPix/DYGto2LG-1Jets_MLL-50_PTG-400to600_TuneCP5_13p6TeV_amcatnloFXFX-pythia8/250617_130954/0000/NANOAOD_18.root",
        "/gv0/DATA/SKNano/Run3NanoAODv13p1/2023BPix/DYGto2LG-1Jets_MLL-50_PTG-400to600_TuneCP5_13p6TeV_amcatnloFXFX-pythia8/250617_130954/0000/NANOAOD_19.root",
        "/gv0/DATA/SKNano/Run3NanoAODv13p1/2023BPix/DYGto2LG-1Jets_MLL-50_PTG-400to600_TuneCP5_13p6TeV_amcatnloFXFX-pythia8/250617_130954/0000/NANOAOD_20.root"
    ]
}