{
    "name": "DYGTo2LG_MLL50_PTG200to400",
    "isMC": 1,
    "PD": "DYGto2LG-1Jets_MLL-50_PTG-200to400_TuneCP5_13p6TeV_amcatnloFXFX-pythia8",
    "xsec": 0.04331,
    "sumsign": 269454.0,
    "sumW": 74941.65765756369,
    "nmc": 502620.0,
    "path": [
        "/gv0/DATA/SKNano/Run3NanoAODv13p1/2023BPix/DYGto2LG-1Jets_MLL-50_PTG-200to400_TuneCP5_13p6TeV_amcatnloFXFX-pythia8/250617_130953/0000/NANOAOD_1.root",
        "/gv0/DATA/SKNano/Run3NanoAODv13p1/2023BPix/DYGto2LG-1Jets_MLL-50_PTG-200to400_TuneCP5_13p6TeV_amcatnloFXFX-pythia8/250617_130953/0000/NANOAOD_2.root",
        "/gv0/DATA/SKNano/Run3NanoAODv13p1/2023BPix/DYGto2LG-1Jets_MLL-50_PTG-200to400_TuneCP5_13p6TeV_amcatnloFXFX-pythia8/250617_130953/0000/NANOAOD_3.root",
        "/gv0/DATA/SKNano/Run3NanoAODv13p1/2023BPix/DYGto2LG-1Jets_MLL-50_PTG-200to400_TuneCP5_13p6TeV_amcatnloFXFX-pythia8/250617_130953/0000/NANOAOD_4.root",
        "/gv0/DATA/SKNano/Run3NanoAODv13p1/2023BPix/DYGto2LG-1Jets_MLL-50_PTG-200to400_TuneCP5_13p6TeV_amcatnloFXFX-pythia8/250617_130953/0000/NANOAOD_5.root",
        "/gv0/DATA/SKNano/Run3NanoAODv13p1/2023BPix/DYGto2LG-1Jets_MLL-50_PTG-200to400_TuneCP5_13p6TeV_amcatnloFXFX-pythia8/250617_130953/0000/NANOAOD_6.root",
        "/gv0/DATA/SKNano/Run3NanoAODv13p1/2023BPix/DYGto2LG-1Jets_MLL-50_PTG-200to400_TuneCP5_13p6TeV_amcatnloFXFX-pythia8/250617_130953/0000/NANOAOD_7.root",
        "/gv0/DATA/SKNano/Run3NanoAODv13p1/2023BPix/DYGto2LG-1Jets_MLL-50_PTG-200to400_TuneCP5_13p6TeV_amcatnloFXFX-pythia8/250617_130953/0000/NANOAOD_8.root",
        "/gv0/DATA/SKNano/Run3NanoAODv13p1/2023BPix/DYGto2LG-1Jets_MLL-50_PTG-200to400_TuneCP5_13p6TeV_amcatnloFXFX-pythia8/250617_130953/0000/NANOAOD_9.root",
        "/gv0/DATA/SKNano/Run3NanoAODv13p1/2023BPix/DYGto2LG-1Jets_MLL-50_PTG-200to400_TuneCP5_13p6TeV_amcatnloFXFX-pythia8/250617_130953/0000/NANOAOD_10.root",
        "/gv0/DATA/SKNano/Run3NanoAODv13p1/2023BPix/DYGto2LG-1Jets_MLL-50_PTG-200to400_TuneCP5_13p6TeV_amcatnloFXFX-pythia8/250617_130953/0000/NANOAOD_11.root",
        "/gv0/DATA/SKNano/Run3NanoAODv13p1/2023BPix/DYGto2LG-1Jets_MLL-50_PTG-200to400_TuneCP5_13p6TeV_amcatnloFXFX-pythia8/250617_130953/0000/NANOAOD_12.root",
        "/gv0/DATA/SKNano/Run3NanoAODv13p1/2023BPix/DYGto2LG-1Jets_MLL-50_PTG-200to400_TuneCP5_13p6TeV_amcatnloFXFX-pythia8/250617_130953/0000/NANOAOD_13.root",
        "/gv0/DATA/SKNano/Run3NanoAODv13p1/2023BPix/DYGto2LG-1Jets_MLL-50_PTG-200to400_TuneCP5_13p6TeV_amcatnloFXFX-pythia8/250617_130953/0000/NANOAOD_14.root",
        "/gv0/DATA/SKNano/Run3NanoAODv13p1/2023BPix/DYGto2LG-1Jets_MLL-50_PTG-200to400_TuneCP5_13p6TeV_amcatnloFXFX-pythia8/250617_130953/0000/NANOAOD_15.root",
        "/gv0/DATA/SKNano/Run3NanoAODv13p1/2023BPix/DYGto2LG-1Jets_MLL-50_PTG-200to400_TuneCP5_13p6TeV_amcatnloFXFX-pythia8/250617_130953/0000/NANOAOD_16.root",
        "/gv0/DATA/SKNano/Run3NanoAODv13p1/2023BPix/DYGto2LG-1Jets_MLL-50_PTG-200to400_TuneCP5_13p6TeV_amcatnloFXFX-pythia8/250617_130953/0000/NANOAOD_17.root",
        "/gv0/DATA/SKNano/Run3NanoAODv13p1/2023BPix/DYGto2LG-1Jets_MLL-50_PTG-200to400_TuneCP5_13p6TeV_amcatnloFXFX-pythia8/250617_130953/0000/NANOAOD_18.root",
        "/gv0/DATA/SKNano/Run3NanoAODv13p1/2023BPix/DYGto2LG-1Jets_MLL-50_PTG-200to400_TuneCP5_13p6TeV_amcatnloFXFX-pythia8/250617_130953/0000/NANOAOD_19.root",
        "/gv0/DATA/SKNano/Run3NanoAODv13p1/2023BPix/DYGto2LG-1Jets_MLL-50_PTG-200to400_TuneCP5_13p6TeV_amcatnloFXFX-pythia8/250617_130953/0000/NANOAOD_20.root",
        "/gv0/DATA/SKNano/Run3NanoAODv13p1/2023BPix/DYGto2LG-1Jets_MLL-50_PTG-200to400_TuneCP5_13p6TeV_amcatnloFXFX-pythia8/250617_130953/0000/NANOAOD_21.root",
        "/gv0/DATA/SKNano/Run3NanoAODv13p1/2023BPix/DYGto2LG-1Jets_MLL-50_PTG-200to400_TuneCP5_13p6TeV_amcatnloFXFX-pythia8/250617_130953/0000/NANOAOD_22.root",
        "/gv0/DATA/SKNano/Run3NanoAODv13p1/2023BPix/DYGto2LG-1Jets_MLL-50_PTG-200to400_TuneCP5_13p6TeV_amcatnloFXFX-pythia8/250617_130953/0000/NANOAOD_23.root",
        "/gv0/DATA/SKNano/Run3NanoAODv13p1/2023BPix/DYGto2LG-1Jets_MLL-50_PTG-200to400_TuneCP5_13p6TeV_amcatnloFXFX-pythia8/250617_130953/0000/NANOAOD_24.root",
        "/gv0/DATA/SKNano/Run3NanoAODv13p1/2023BPix/DYGto2LG-1Jets_MLL-50_PTG-200to400_TuneCP5_13p6TeV_amcatnloFXFX-pythia8/250617_130953/0000/NANOAOD_25.root"
    ]
}