{
    "name": "ggHToZZTo4L",
    "isMC": 1,
    "PD": "GluGluHtoZZto4L_M-125_TuneCP5_13p6TeV_powheg-jhugen-pythia8",
    "xsec": 0.01434,
    "sumsign": 124986.0,
    "sumW": 2895238.1073646545,
    "nmc": 125000.0,
    "path": [
        "/gv0/DATA/SKNano/Run3NanoAODv13p1/2023BPix/GluGluHtoZZto4L_M-125_TuneCP5_13p6TeV_powheg-jhugen-pythia8/250617_130958/0000/NANOAOD_1.root",
        "/gv0/DATA/SKNano/Run3NanoAODv13p1/2023BPix/GluGluHtoZZto4L_M-125_TuneCP5_13p6TeV_powheg-jhugen-pythia8/250617_130958/0000/NANOAOD_2.root",
        "/gv0/DATA/SKNano/Run3NanoAODv13p1/2023BPix/GluGluHtoZZto4L_M-125_TuneCP5_13p6TeV_powheg-jhugen-pythia8/250617_130958/0000/NANOAOD_3.root",
        "/gv0/DATA/SKNano/Run3NanoAODv13p1/2023BPix/GluGluHtoZZto4L_M-125_TuneCP5_13p6TeV_powheg-jhugen-pythia8/250617_130958/0000/NANOAOD_4.root",
        "/gv0/DATA/SKNano/Run3NanoAODv13p1/2023BPix/GluGluHtoZZto4L_M-125_TuneCP5_13p6TeV_powheg-jhugen-pythia8/250617_130958/0000/NANOAOD_5.root",
        "/gv0/DATA/SKNano/Run3NanoAODv13p1/2023BPix/GluGluHtoZZto4L_M-125_TuneCP5_13p6TeV_powheg-jhugen-pythia8/250617_130958/0000/NANOAOD_6.root",
        "/gv0/DATA/SKNano/Run3NanoAODv13p1/2023BPix/GluGluHtoZZto4L_M-125_TuneCP5_13p6TeV_powheg-jhugen-pythia8/250617_130958/0000/NANOAOD_7.root",
        "/gv0/DATA/SKNano/Run3NanoAODv13p1/2023BPix/GluGluHtoZZto4L_M-125_TuneCP5_13p6TeV_powheg-jhugen-pythia8/250617_130958/0000/NANOAOD_8.root",
        "/gv0/DATA/SKNano/Run3NanoAODv13p1/2023BPix/GluGluHtoZZto4L_M-125_TuneCP5_13p6TeV_powheg-jhugen-pythia8/250617_130958/0000/NANOAOD_9.root",
        "/gv0/DATA/SKNano/Run3NanoAODv13p1/2023BPix/GluGluHtoZZto4L_M-125_TuneCP5_13p6TeV_powheg-jhugen-pythia8/250617_130958/0000/NANOAOD_10.root",
        "/gv0/DATA/SKNano/Run3NanoAODv13p1/2023BPix/GluGluHtoZZto4L_M-125_TuneCP5_13p6TeV_powheg-jhugen-pythia8/250617_130958/0000/NANOAOD_11.root",
        "/gv0/DATA/SKNano/Run3NanoAODv13p1/2023BPix/GluGluHtoZZto4L_M-125_TuneCP5_13p6TeV_powheg-jhugen-pythia8/250617_130958/0000/NANOAOD_12.root",
        "/gv0/DATA/SKNano/Run3NanoAODv13p1/2023BPix/GluGluHtoZZto4L_M-125_TuneCP5_13p6TeV_powheg-jhugen-pythia8/250617_130958/0000/NANOAOD_13.root",
        "/gv0/DATA/SKNano/Run3NanoAODv13p1/2023BPix/GluGluHtoZZto4L_M-125_TuneCP5_13p6TeV_powheg-jhugen-pythia8/250617_130958/0000/NANOAOD_14.root"
    ]
}