{
    "name": "TTZ_M4to50",
    "isMC": 1,
    "PD": "TTLL_MLL-4to50_TuneCP5_13p6TeV_amcatnlo-pythia8",
    "xsec": 0.03949,
    "sumsign": 162042.0,
    "sumW": 11515.924199849367,
    "nmc": 294000.0,
    "path": [
        "/gv0/DATA/SKNano/Run3NanoAODv13p1/2023BPix/TTLL_MLL-4to50_TuneCP5_13p6TeV_amcatnlo-pythia8/250617_130843/0000/NANOAOD_1.root",
        "/gv0/DATA/SKNano/Run3NanoAODv13p1/2023BPix/TTLL_MLL-4to50_TuneCP5_13p6TeV_amcatnlo-pythia8/250617_130843/0000/NANOAOD_2.root",
        "/gv0/DATA/SKNano/Run3NanoAODv13p1/2023BPix/TTLL_MLL-4to50_TuneCP5_13p6TeV_amcatnlo-pythia8/250617_130843/0000/NANOAOD_3.root",
        "/gv0/DATA/SKNano/Run3NanoAODv13p1/2023BPix/TTLL_MLL-4to50_TuneCP5_13p6TeV_amcatnlo-pythia8/250617_130843/0000/NANOAOD_4.root",
        "/gv0/DATA/SKNano/Run3NanoAODv13p1/2023BPix/TTLL_MLL-4to50_TuneCP5_13p6TeV_amcatnlo-pythia8/250617_130843/0000/NANOAOD_5.root",
        "/gv0/DATA/SKNano/Run3NanoAODv13p1/2023BPix/TTLL_MLL-4to50_TuneCP5_13p6TeV_amcatnlo-pythia8/250617_130843/0000/NANOAOD_6.root",
        "/gv0/DATA/SKNano/Run3NanoAODv13p1/2023BPix/TTLL_MLL-4to50_TuneCP5_13p6TeV_amcatnlo-pythia8/250617_130843/0000/NANOAOD_7.root",
        "/gv0/DATA/SKNano/Run3NanoAODv13p1/2023BPix/TTLL_MLL-4to50_TuneCP5_13p6TeV_amcatnlo-pythia8/250617_130843/0000/NANOAOD_8.root",
        "/gv0/DATA/SKNano/Run3NanoAODv13p1/2023BPix/TTLL_MLL-4to50_TuneCP5_13p6TeV_amcatnlo-pythia8/250617_130843/0000/NANOAOD_9.root",
        "/gv0/DATA/SKNano/Run3NanoAODv13p1/2023BPix/TTLL_MLL-4to50_TuneCP5_13p6TeV_amcatnlo-pythia8/250617_130843/0000/NANOAOD_10.root",
        "/gv0/DATA/SKNano/Run3NanoAODv13p1/2023BPix/TTLL_MLL-4to50_TuneCP5_13p6TeV_amcatnlo-pythia8/250617_130843/0000/NANOAOD_11.root",
        "/gv0/DATA/SKNano/Run3NanoAODv13p1/2023BPix/TTLL_MLL-4to50_TuneCP5_13p6TeV_amcatnlo-pythia8/250617_130843/0000/NANOAOD_12.root",
        "/gv0/DATA/SKNano/Run3NanoAODv13p1/2023BPix/TTLL_MLL-4to50_TuneCP5_13p6TeV_amcatnlo-pythia8/250617_130843/0000/NANOAOD_13.root",
        "/gv0/DATA/SKNano/Run3NanoAODv13p1/2023BPix/TTLL_MLL-4to50_TuneCP5_13p6TeV_amcatnlo-pythia8/250617_130843/0000/NANOAOD_14.root",
        "/gv0/DATA/SKNano/Run3NanoAODv13p1/2023BPix/TTLL_MLL-4to50_TuneCP5_13p6TeV_amcatnlo-pythia8/250617_130843/0000/NANOAOD_15.root",
        "/gv0/DATA/SKNano/Run3NanoAODv13p1/2023BPix/TTLL_MLL-4to50_TuneCP5_13p6TeV_amcatnlo-pythia8/250617_130843/0000/NANOAOD_16.root",
        "/gv0/DATA/SKNano/Run3NanoAODv13p1/2023BPix/TTLL_MLL-4to50_TuneCP5_13p6TeV_amcatnlo-pythia8/250617_130843/0000/NANOAOD_17.root",
        "/gv0/DATA/SKNano/Run3NanoAODv13p1/2023BPix/TTLL_MLL-4to50_TuneCP5_13p6TeV_amcatnlo-pythia8/250617_130843/0000/NANOAOD_18.root",
        "/gv0/DATA/SKNano/Run3NanoAODv13p1/2023BPix/TTLL_MLL-4to50_TuneCP5_13p6TeV_amcatnlo-pythia8/250617_130843/0000/NANOAOD_19.root",
        "/gv0/DATA/SKNano/Run3NanoAODv13p1/2023BPix/TTLL_MLL-4to50_TuneCP5_13p6TeV_amcatnlo-pythia8/250617_130843/0000/NANOAOD_20.root",
        "/gv0/DATA/SKNano/Run3NanoAODv13p1/2023BPix/TTLL_MLL-4to50_TuneCP5_13p6TeV_amcatnlo-pythia8/250617_130843/0000/NANOAOD_21.root"
    ]
}