{
    "SingleElectron": {
        "isMC": 0,
        "periods": [
            "F",
            "G",
            "H"
        ],
        "NEvents": [
            8835883.0,
            152098608.0,
            127093816.0
        ]
    },
    "SingleMuon": {
        "isMC": 0,
        "periods": [
            "F",
            "G",
            "H"
        ],
        "NEvents": [
            8003612.0,
            147945744.0,
            167509248.0
        ]
    },
    "DoubleMuon": {
        "isMC": 0,
        "periods": [
            "F",
            "G",
            "H"
        ],
        "NEvents": [
            2421401.0,
            44581284.0,
            48028640.0
        ]
    },
    "MuonEG": {
        "isMC": 0,
        "periods": [
            "F",
            "G",
            "H"
        ],
        "NEvents": [
            1896750.0,
            33573016.0,
            28812786.0
        ]
    },
    "WJets": {
        "isMC": 1,
        "PD": "WJetsToLNu_TuneCP5_13TeV-amcatnloFXFX-pythia8",
        "xsec": 61526.7,
        "nmc": -1,
        "sumsign": 19397178.0,
        "sumW": 4939611373568.0
    },
    "WJets_MG": {
        "isMC": 1,
        "PD": "WJetsToLNu_TuneCP5_13TeV-madgraphMLM-pythia8",
        "xsec": 61526.7,
        "nmc": -1,
        "sumsign": 82754920.0,
        "sumW": 10473631121408.0
    },
    "DYJets": {
        "isMC": 1,
        "PD": "DYJetsToLL_M-50_TuneCP5_13TeV-amcatnloFXFX-pythia8",
        "xsec": 6077.22,
        "nmc": -1,
        "sumsign": 49632104.0,
        "sumW": 1225288056832.0
    },
    "DYJets_MG": {
        "isMC": 1,
        "PD": "DYJetsToLL_M-50_TuneCP5_13TeV-madgraphMLM-pythia8",
        "xsec": 6077.22,
        "nmc": -1,
        "sumsign": 82448544.0,
        "sumW": 82448544.0
    },
    "DYJets10to50_MG": {
        "isMC": 1,
        "PD": "DYJetsToLL_M-10to50_TuneCP5_13TeV-madgraphMLM-pythia8",
        "xsec": 18610,
        "nmc": -1,
        "sumsign": 23706672.0,
        "sumW": 23706672.0
    },
    "DYJetsToEE_MiNNLO": {
        "isMC": 1,
        "PD": "DYJetsToEE_M-50_massWgtFix_TuneCP5_13TeV-powhegMiNNLO-pythia8-photos",
        "xsec": 1976.17,
        "nmc": -1,
        "sumsign": 83197880.0,
        "sumW": 5.516694039249814e+18
    },
    "DYJetsToMuMu_MiNNLO": {
        "isMC": 1,
        "PD": "DYJetsToMuMu_M-50_TuneCP5_13TeV-powhegMiNNLO-pythia8-photos",
        "xsec": 1976.17,
        "nmc": -1,
        "sumsign": 72825960.0,
        "sumW": 3.690373735500858e+20
    },
    "TTLJ_powheg": {
        "isMC": 1,
        "PD": "TTToSemiLeptonic_TuneCP5_13TeV-powheg-pythia8",
        "xsec": 365.34,
        "nmc": -1,
        "sumsign": 143621424.0,
        "sumW": 38562562048.0
    },
    "TTLL_powheg": {
        "isMC": 1,
        "PD": "TTTo2L2Nu_TuneCP5_13TeV-powheg-pythia8",
        "xsec": 88.29,
        "nmc": -1,
        "sumsign": 43003488.0,
        "sumW": 3171444736.0
    },
    "TTWToLNu": {
        "isMC": 1,
        "PD": "TTWJetsToLNu_TuneCP5_13TeV-amcatnloFXFX-madspin-pythia8",
        "xsec": 0.2043,
        "nmc": -1,
        "sumsign": 1751944.0,
        "sumW": 1081536.5
    },
    "TTZToLLNuNu": {
        "isMC": 1,
        "PD": "TTZToLLNuNu_M-10_TuneCP5_13TeV-amcatnlo-pythia8",
        "xsec": 0.2529,
        "nmc": -1,
        "sumsign": 2779154.0,
        "sumW": 1374182.25
    },
    "SingleTop_sch_Lep": {
        "isMC": 1,
        "PD": "ST_s-channel_4f_leptonDecays_TuneCP5_13TeV-amcatnlo-pythia8",
        "xsec": 3.36,
        "nmc": -1,
        "sumsign": 3562866.0,
        "sumW": 19498080.0
    },
    "SingleTop_tch_antitop_Incl": {
        "isMC": 1,
        "PD": "ST_t-channel_antitop_4f_InclusiveDecays_TuneCP5_13TeV-powheg-madspin-pythia8",
        "xsec": 80.95,
        "nmc": -1,
        "sumsign": 28814596.0,
        "sumW": 1883582208.0
    },
    "SingleTop_tch_top_Incl": {
        "isMC": 1,
        "PD": "ST_t-channel_top_4f_InclusiveDecays_TuneCP5_13TeV-powheg-madspin-pythia8",
        "xsec": 136.02,
        "nmc": -1,
        "sumsign": 59099216.0,
        "sumW": 7186679808.0
    },
    "SingleTop_tW_antitop_NoFullyHad": {
        "isMC": 1,
        "PD": "ST_tW_antitop_5f_NoFullyHadronicDecays_TuneCP5_13TeV-powheg-pythia8",
        "xsec": 19.56,
        "nmc": -1,
        "sumsign": 3654330.0,
        "sumW": 119303480.0
    },
    "SingleTop_tW_top_NoFullyHad": {
        "isMC": 1,
        "PD": "ST_tW_top_5f_NoFullyHadronicDecays_TuneCP5_13TeV-powheg-pythia8",
        "xsec": 19.56,
        "nmc": -1,
        "sumsign": 3368237.0,
        "sumW": 109027536.0
    },
    "tZq": {
        "isMC": 1,
        "PD": "tZq_ll_4f_ckm_NLO_TuneCP5_13TeV-amcatnlo-pythia8",
        "xsec": 0.0758,
        "nmc": -1,
        "sumsign": 1095762.0,
        "sumW": 313022.4375
    },
    "TTTT": {
        "isMC": 1,
        "PD": "TTTT_TuneCP5_13TeV-amcatnlo-pythia8",
        "xsec": 0.009103,
        "nmc": -1,
        "sumsign": 1693172.0,
        "sumW": 31418.275390625
    },
    "WW_pythia": {
        "isMC": 1,
        "PD": "WW_TuneCP5_13TeV-pythia8",
        "xsec": 118.7,
        "nmc": -1,
        "sumsign": 15821000.0,
        "sumW": 15821137.0
    },
    "WZ_pythia": {
        "isMC": 1,
        "PD": "WZ_TuneCP5_13TeV-pythia8",
        "xsec": 51.11,
        "nmc": -1,
        "sumsign": 7584000.0,
        "sumW": 7584000.0
    },
    "ZZ_pythia": {
        "isMC": 1,
        "PD": "ZZ_TuneCP5_13TeV-pythia8",
        "xsec": 16.91,
        "nmc": -1,
        "sumsign": 1151000.0,
        "sumW": 1151000.0
    },
    "WZTo3LNu_amcatnlo": {
        "isMC": 1,
        "PD": "WZTo3LNu_TuneCP5_13TeV-amcatnloFXFX-pythia8",
        "xsec": 5.213,
        "nmc": -1,
        "sumsign": 6890010.0,
        "sumW": 88906752.0
    },
    "WZTo3LNu_powheg_mllmin4p0": {
        "isMC": 1,
        "PD": "WZTo3LNu_mllmin4p0_TuneCP5_13TeV-powheg-pythia8",
        "xsec": 4.664,
        "nmc": -1,
        "sumsign": 894592.0,
        "sumW": 4217215.5
    },
    "WZTo3LNu_powheg_mllmin0p1": {
        "isMC": 1,
        "PD": "WZTo3LNu_mllmin0p1_TuneCP5_13TeV-powheg-pythia8",
        "xsec": 62.78,
        "nmc": -1,
        "sumsign": 27646098.0,
        "sumW": 1885566720.0
    },
    "ZZTo4L_powheg": {
        "isMC": 1,
        "PD": "ZZTo4L_TuneCP5_13TeV_powheg_pythia8",
        "xsec": 1.256,
        "nmc": -1,
        "sumsign": 51609808.0,
        "sumW": 70901696.0
    },
    "ZZTo4L_powheg_mllmin1p0": {
        "isMC": 1,
        "PD": "ZZTo4L_M-1toInf_TuneCP5_13TeV_powheg_pythia8",
        "xsec": 13.74,
        "nmc": -1,
        "sumsign": 17733356.0,
        "sumW": 248863424.0
    },
    "ZGToLLG": {
        "isMC": 1,
        "PD": "ZGToLLG_01J_5f_TuneCP5_13TeV-amcatnloFXFX-pythia8",
        "xsec": 51.1,
        "nmc": -1,
        "sumsign": 19777244.0,
        "sumW": 3150438912.0
    },
    "WWW": {
        "isMC": 1,
        "PD": "WWW_4F_TuneCP5_13TeV-amcatnlo-pythia8",
        "xsec": 0.2086,
        "nmc": -1,
        "sumsign": 3847078.0,
        "sumW": 912369.625
    },
    "WWZ": {
        "isMC": 1,
        "PD": "WWZ_4F_TuneCP5_13TeV-amcatnlo-pythia8",
        "xsec": 0.1651,
        "nmc": -1,
        "sumsign": 4168038.0,
        "sumW": 782305.75
    },
    "WZZ": {
        "isMC": 1,
        "PD": "WZZ_TuneCP5_13TeV-amcatnlo-pythia8",
        "xsec": 0.05565,
        "nmc": -1,
        "sumsign": 4133684.0,
        "sumW": 258989.78125
    },
    "ZZZ": {
        "isMC": 1,
        "PD": "ZZZ_TuneCP5_13TeV-amcatnlo-pythia8",
        "xsec": 0.01398,
        "nmc": -1,
        "sumsign": 4039336.0,
        "sumW": 67049.859375
    },
    "TTG": {
        "isMC": 1,
        "PD": "TTGJets_TuneCP5_13TeV-amcatnloFXFX-madspin-pythia8",
        "xsec": 3.757,
        "nmc": -1,
        "sumsign": 504910.0,
        "sumW": 8868316.0
    },
    "WWG": {
        "isMC": 1,
        "PD": "WWG_TuneCP5_13TeV-amcatnlo-pythia8",
        "xsec": 0.01398,
        "nmc": -1,
        "sumsign": 604960.0,