{
    "name": "ggHToZZTo4L",
    "isMC": 1,
    "PD": "GluGluHtoZZto4L_M-125_TuneCP5_13p6TeV_powheg-jhugen-pythia8",
    "xsec": 0.01434,
    "sumsign": 249972.0,
    "sumW": 5790476.214729309,
    "nmc": 250000.0,
    "path": [
        "/gv0/DATA/SKNano/Run3NanoAODv12p1/2023/GluGluHtoZZto4L_M-125_TuneCP5_13p6TeV_powheg-jhugen-pythia8/250508_084120/0000/NANOAOD_1.root",
        "/gv0/DATA/SKNano/Run3NanoAODv12p1/2023/GluGluHtoZZto4L_M-125_TuneCP5_13p6TeV_powheg-jhugen-pythia8/250508_084120/0000/NANOAOD_2.root",
        "/gv0/DATA/SKNano/Run3NanoAODv12p1/2023/GluGluHtoZZto4L_M-125_TuneCP5_13p6TeV_powheg-jhugen-pythia8/250508_084120/0000/NANOAOD_3.root",
        "/gv0/DATA/SKNano/Run3NanoAODv12p1/2023/GluGluHtoZZto4L_M-125_TuneCP5_13p6TeV_powheg-jhugen-pythia8/250508_084120/0000/NANOAOD_4.root",
        "/gv0/DATA/SKNano/Run3NanoAODv12p1/2023/GluGluHtoZZto4L_M-125_TuneCP5_13p6TeV_powheg-jhugen-pythia8/250508_084120/0000/NANOAOD_5.root",
        "/gv0/DATA/SKNano/Run3NanoAODv12p1/2023/GluGluHtoZZto4L_M-125_TuneCP5_13p6TeV_powheg-jhugen-pythia8/250508_084120/0000/NANOAOD_6.root",
        "/gv0/DATA/SKNano/Run3NanoAODv12p1/2023/GluGluHtoZZto4L_M-125_TuneCP5_13p6TeV_powheg-jhugen-pythia8/250508_084120/0000/NANOAOD_7.root",
        "/gv0/DATA/SKNano/Run3NanoAODv12p1/2023/GluGluHtoZZto4L_M-125_TuneCP5_13p6TeV_powheg-jhugen-pythia8/250508_084120/0000/NANOAOD_8.root",
        "/gv0/DATA/SKNano/Run3NanoAODv12p1/2023/GluGluHtoZZto4L_M-125_TuneCP5_13p6TeV_powheg-jhugen-pythia8/250508_084120/0000/NANOAOD_9.root"
    ]
}