{
    "name": "VBFHToZZTo4L",
    "isMC": 1,
    "PD": "VBF_HToZZTo4L_M125_TuneCP5_13TeV_powheg2_JHUGenV7011_pythia8",
    "xsec": 0.001034,
    "sumsign": 498286.0,
    "sumW": 1963555.7501764297,
    "nmc": 499000.0,
    "path": [
        "/gv0/DATA/SKNano/Run2NanoAODv9p1/2017/VBF_HToZZTo4L_M125_TuneCP5_13TeV_powheg2_JHUGenV7011_pythia8/250411_112403/0000/NANOAOD_1.root",
        "/gv0/DATA/SKNano/Run2NanoAODv9p1/2017/VBF_HToZZTo4L_M125_TuneCP5_13TeV_powheg2_JHUGenV7011_pythia8/250411_112403/0000/NANOAOD_2.root",
        "/gv0/DATA/SKNano/Run2NanoAODv9p1/2017/VBF_HToZZTo4L_M125_TuneCP5_13TeV_powheg2_JHUGenV7011_pythia8/250411_112403/0000/NANOAOD_3.root",
        "/gv0/DATA/SKNano/Run2NanoAODv9p1/2017/VBF_HToZZTo4L_M125_TuneCP5_13TeV_powheg2_JHUGenV7011_pythia8/250411_112403/0000/NANOAOD_4.root",
        "/gv0/DATA/SKNano/Run2NanoAODv9p1/2017/VBF_HToZZTo4L_M125_TuneCP5_13TeV_powheg2_JHUGenV7011_pythia8/250411_112403/0000/NANOAOD_5.root",
        "/gv0/DATA/SKNano/Run2NanoAODv9p1/2017/VBF_HToZZTo4L_M125_TuneCP5_13TeV_powheg2_JHUGenV7011_pythia8/250411_112403/0000/NANOAOD_6.root",
        "/gv0/DATA/SKNano/Run2NanoAODv9p1/2017/VBF_HToZZTo4L_M125_TuneCP5_13TeV_powheg2_JHUGenV7011_pythia8/250411_112403/0000/NANOAOD_7.root",
        "/gv0/DATA/SKNano/Run2NanoAODv9p1/2017/VBF_HToZZTo4L_M125_TuneCP5_13TeV_powheg2_JHUGenV7011_pythia8/250411_112403/0000/NANOAOD_8.root",
        "/gv0/DATA/SKNano/Run2NanoAODv9p1/2017/VBF_HToZZTo4L_M125_TuneCP5_13TeV_powheg2_JHUGenV7011_pythia8/250411_112403/0000/NANOAOD_9.root",
        "/gv0/DATA/SKNano/Run2NanoAODv9p1/2017/VBF_HToZZTo4L_M125_TuneCP5_13TeV_powheg2_JHUGenV7011_pythia8/250411_112403/0000/NANOAOD_10.root",
        "/gv0/DATA/SKNano/Run2NanoAODv9p1/2017/VBF_HToZZTo4L_M125_TuneCP5_13TeV_powheg2_JHUGenV7011_pythia8/250411_112403/0000/NANOAOD_11.root",
        "/gv0/DATA/SKNano/Run2NanoAODv9p1/2017/VBF_HToZZTo4L_M125_TuneCP5_13TeV_powheg2_JHUGenV7011_pythia8/250411_112403/0000/NANOAOD_12.root",
        "/gv0/DATA/SKNano/Run2NanoAODv9p1/2017/VBF_HToZZTo4L_M125_TuneCP5_13TeV_powheg2_JHUGenV7011_pythia8/250411_112403/0000/NANOAOD_13.root",
        "/gv0/DATA/SKNano/Run2NanoAODv9p1/2017/VBF_HToZZTo4L_M125_TuneCP5_13TeV_powheg2_JHUGenV7011_pythia8/250411_112403/0000/NANOAOD_14.root",
        "/gv0/DATA/SKNano/Run2NanoAODv9p1/2017/VBF_HToZZTo4L_M125_TuneCP5_13TeV_powheg2_JHUGenV7011_pythia8/250411_112403/0000/NANOAOD_15.root",
        "/gv0/DATA/SKNano/Run2NanoAODv9p1/2017/VBF_HToZZTo4L_M125_TuneCP5_13TeV_powheg2_JHUGenV7011_pythia8/250411_112403/0000/NANOAOD_16.root",
        "/gv0/DATA/SKNano/Run2NanoAODv9p1/2017/VBF_HToZZTo4L_M125_TuneCP5_13TeV_powheg2_JHUGenV7011_pythia8/250411_112403/0000/NANOAOD_17.root",
        "/gv0/DATA/SKNano/Run2NanoAODv9p1/2017/VBF_HToZZTo4L_M125_TuneCP5_13TeV_powheg2_JHUGenV7011_pythia8/250411_112403/0000/NANOAOD_18.root"
    ]
}