{
    "name": "ggHToZZTo4L",
    "isMC": 1,
    "PD": "GluGluHToZZTo4L_M125_TuneCP5_13TeV_powheg2_JHUGenV7011_pythia8",
    "xsec": 0.01212,
    "sumsign": 933302.0,
    "sumW": 27226379.336860657,
    "nmc": 943000.0,
    "path": [
        "/gv0/DATA/SKNano/Run2NanoAODv9p1/2017/GluGluHToZZTo4L_M125_TuneCP5_13TeV_powheg2_JHUGenV7011_pythia8/250411_112150/0000/NANOAOD_1.root",
        "/gv0/DATA/SKNano/Run2NanoAODv9p1/2017/GluGluHToZZTo4L_M125_TuneCP5_13TeV_powheg2_JHUGenV7011_pythia8/250411_112150/0000/NANOAOD_2.root",
        "/gv0/DATA/SKNano/Run2NanoAODv9p1/2017/GluGluHToZZTo4L_M125_TuneCP5_13TeV_powheg2_JHUGenV7011_pythia8/250411_112150/0000/NANOAOD_3.root",
        "/gv0/DATA/SKNano/Run2NanoAODv9p1/2017/GluGluHToZZTo4L_M125_TuneCP5_13TeV_powheg2_JHUGenV7011_pythia8/250411_112150/0000/NANOAOD_4.root",
        "/gv0/DATA/SKNano/Run2NanoAODv9p1/2017/GluGluHToZZTo4L_M125_TuneCP5_13TeV_powheg2_JHUGenV7011_pythia8/250411_112150/0000/NANOAOD_5.root",
        "/gv0/DATA/SKNano/Run2NanoAODv9p1/2017/GluGluHToZZTo4L_M125_TuneCP5_13TeV_powheg2_JHUGenV7011_pythia8/250411_112150/0000/NANOAOD_6.root",
        "/gv0/DATA/SKNano/Run2NanoAODv9p1/2017/GluGluHToZZTo4L_M125_TuneCP5_13TeV_powheg2_JHUGenV7011_pythia8/250411_112150/0000/NANOAOD_7.root",
        "/gv0/DATA/SKNano/Run2NanoAODv9p1/2017/GluGluHToZZTo4L_M125_TuneCP5_13TeV_powheg2_JHUGenV7011_pythia8/250411_112150/0000/NANOAOD_8.root",
        "/gv0/DATA/SKNano/Run2NanoAODv9p1/2017/GluGluHToZZTo4L_M125_TuneCP5_13TeV_powheg2_JHUGenV7011_pythia8/250411_112150/0000/NANOAOD_9.root",
        "/gv0/DATA/SKNano/Run2NanoAODv9p1/2017/GluGluHToZZTo4L_M125_TuneCP5_13TeV_powheg2_JHUGenV7011_pythia8/250411_112150/0000/NANOAOD_10.root",
        "/gv0/DATA/SKNano/Run2NanoAODv9p1/2017/GluGluHToZZTo4L_M125_TuneCP5_13TeV_powheg2_JHUGenV7011_pythia8/250411_112150/0000/NANOAOD_11.root",
        "/gv0/DATA/SKNano/Run2NanoAODv9p1/2017/GluGluHToZZTo4L_M125_TuneCP5_13TeV_powheg2_JHUGenV7011_pythia8/250411_112150/0000/NANOAOD_12.root",
        "/gv0/DATA/SKNano/Run2NanoAODv9p1/2017/GluGluHToZZTo4L_M125_TuneCP5_13TeV_powheg2_JHUGenV7011_pythia8/250411_112150/0000/NANOAOD_13.root",
        "/gv0/DATA/SKNano/Run2NanoAODv9p1/2017/GluGluHToZZTo4L_M125_TuneCP5_13TeV_powheg2_JHUGenV7011_pythia8/250411_112150/0000/NANOAOD_14.root",
        "/gv0/DATA/SKNano/Run2NanoAODv9p1/2017/GluGluHToZZTo4L_M125_TuneCP5_13TeV_powheg2_JHUGenV7011_pythia8/250411_112150/0000/NANOAOD_15.root",
        "/gv0/DATA/SKNano/Run2NanoAODv9p1/2017/GluGluHToZZTo4L_M125_TuneCP5_13TeV_powheg2_JHUGenV7011_pythia8/250411_112150/0000/NANOAOD_17.root",
        "/gv0/DATA/SKNano/Run2NanoAODv9p1/2017/GluGluHToZZTo4L_M125_TuneCP5_13TeV_powheg2_JHUGenV7011_pythia8/250411_112150/0000/NANOAOD_18.root",
        "/gv0/DATA/SKNano/Run2NanoAODv9p1/2017/GluGluHToZZTo4L_M125_TuneCP5_13TeV_powheg2_JHUGenV7011_pythia8/250411_112150/0000/NANOAOD_19.root",
        "/gv0/DATA/SKNano/Run2NanoAODv9p1/2017/GluGluHToZZTo4L_M125_TuneCP5_13TeV_powheg2_JHUGenV7011_pythia8/250411_112150/0000/NANOAOD_20.root",
        "/gv0/DATA/SKNano/Run2NanoAODv9p1/2017/GluGluHToZZTo4L_M125_TuneCP5_13TeV_powheg2_JHUGenV7011_pythia8/250411_112150/0000/NANOAOD_21.root",
        "/gv0/DATA/SKNano/Run2NanoAODv9p1/2017/GluGluHToZZTo4L_M125_TuneCP5_13TeV_powheg2_JHUGenV7011_pythia8/250411_112150/0000/NANOAOD_22.root",
        "/gv0/DATA/SKNano/Run2NanoAODv9p1/2017/GluGluHToZZTo4L_M125_TuneCP5_13TeV_powheg2_JHUGenV7011_pythia8/250411_112150/0000/NANOAOD_23.root",
        "/gv0/DATA/SKNano/Run2NanoAODv9p1/2017/GluGluHToZZTo4L_M125_TuneCP5_13TeV_powheg2_JHUGenV7011_pythia8/250411_112150/0000/NANOAOD_24.root",
        "/gv0/DATA/SKNano/Run2NanoAODv9p1/2017/GluGluHToZZTo4L_M125_TuneCP5_13TeV_powheg2_JHUGenV7011_pythia8/250411_112150/0000/NANOAOD_25.root",
        "/gv0/DATA/SKNano/Run2NanoAODv9p1/2017/GluGluHToZZTo4L_M125_TuneCP5_13TeV_powheg2_JHUGenV7011_pythia8/250411_112150/0000/NANOAOD_26.root"
    ]
}