{
    "TTLL_powheg": {
        "isMC": 1,
        "PD": "TTto2L2Nu_TuneCP5_13p6TeV_powheg-pythia8",
        "xsec_formula": "923.6*3*0.1086*3*0.1086",
        "xsec": 98.03611310400001,
        "sumsign": 47498976.0,
        "sumW": 4030463232.0
    },
    "TTLL_amcatnlo": {
        "isMC": 1,
        "PD": "TTto2L2Nu-2Jets_TuneCP5_13p6TeV_amcatnloFXFX-pythia8",
        "xsec_formula": "923.6*3*0.1086*3*0.1086",
        "xsec": 98.03611310400001,
        "sumsign": 33148952.0,
        "sumW": 21473818624.0
    },
    "TTLJ_powheg": {
        "isMC": 1,
        "PD": "TTtoLNu2Q_TuneCP5_13p6TeV_powheg-pythia8",
        "xsec_formula": "923.6*2*3*0.1086*0.6741",
        "xsec": 405.685352016,
        "sumsign": 150071904.0,
        "sumW": 45937635328.0
    }
}