{
    "DYJets_MG": {
        "isMC": 1,
        "PD": "DYto2L-4Jets_MLL-50_TuneCP5_13p6TeV_madgraphMLM-pythia8",
        "xsec": 6275.1,
        "nmc": 254295366.0,
        "sumsign": 254295424.0,
        "sumW": 3368437940224.0
    },
    "DYJets": {
        "isMC": 1,
        "PD": "DYto2L-2Jets_MLL-50_TuneCP5_13p6TeV_amcatnloFXFX-pythia8",
        "xsec": 6275.1,
        "nmc": 319825084.0,
        "sumsign": 212904560.0,
        "sumW": 5725164142592.0
    },
    "WJets_MG": {
        "isMC": 1,
        "PD": "WtoLNu-4Jets_TuneCP5_13p6TeV_madgraphMLM-pythia8",
        "xsec": 63396,
        "nmc": 341646395.0,
        "sumsign": 341646208.0,
        "sumW": 42924611993600.0
    },
    "WJets": {
        "isMC": 1,
        "PD": "WtoLNu-2Jets_TuneCP5_13p6TeV_amcatnloFXFX-pythia8",
        "xsec": 63396,
        "nmc": 281543551.0,
        "sumsign": 191351552.0,
        "sumW": 50095588376576.0
    },
    "TTJJ_powheg": {
        "isMC": 1,
        "PD": "TTto4Q_TuneCP5_13p6TeV_powheg-pythia8",
        "xsec_formula": "923.6*0.6741*0.6741",
        "nmc": 187745623.0,
        "sumsign": 186226368.0,
        "sumW": 65513803776.0,
        "xsec": 419.6938241160001
    },
    "TTJJ_Vcb_powheg": {
        "isMC": 1,
        "PD": "TTto4Q_Vcb_TuneCP5_13p6TeV_powheg-pythia8",
        "xsec_formula": "923.6*0.6741*0.6741*0.04183 * 0.04183 / 2 *2",
        "nmc": 11437200.0,
        "sumsign": 11345440.0,
        "sumW": 3971191808.0,
        "xsec": 0.7343588070837646
    },
    "TTJJ_powheg_mTop171p5": {
        "isMC": 1,
        "PD": "TTto4Q_MT-171p5_TuneCP5_13p6TeV_powheg-pythia8",
        "xsec_formula": "923.6*0.6741*0.6741",
        "nmc": 71667616.0,
        "sumsign": 71085360.0,
        "sumW": 25354323968.0,
        "xsec": 419.6938241160001
    },
    "TTJJ_powheg_mTop173p5": {
        "isMC": 1,
        "PD": "TTto4Q_MT-173p5_TuneCP5_13p6TeV_powheg-pythia8",
        "xsec_formula": "923.6*0.6741*0.6741",
        "nmc": 74724824.0,
        "sumsign": 74121808.0,
        "sumW": 25247610880.0,
        "xsec": 419.6938241160001
    },
    "TTJJ_powheg_hDampUp": {
        "isMC": 1,
        "PD": "TTto4Q_Hdamp-418_TuneCP5_13p6TeV_powheg-pythia8",
        "xsec_formula": "923.6*0.6741*0.6741",
        "nmc": 73588304.0,
        "sumsign": 73249104.0,
        "sumW": 25678528512.0,
        "xsec": 419.6938241160001
    },
    "TTJJ_powheg_hDampDown": {
        "isMC": 1,
        "PD": "TTto4Q_Hdamp-158_TuneCP5_13p6TeV_powheg-pythia8",
        "xsec_formula": "923.6*0.6741*0.6741",
        "nmc": 79760788.0,
        "sumsign": 78460704.0,
        "sumW": 27662364672.0,
        "xsec": 419.6938241160001
    },
    "TTJJ_powheg_CP5Up": {
        "isMC": 1,
        "PD": "TTto4Q_TuneCP5Up_13p6TeV_powheg-pythia8",
        "xsec_formula": "923.6*0.6741*0.6741",
        "nmc": 73414336.0,
        "sumsign": 72821936.0,
        "sumW": 25606479872.0,
        "xsec": 419.6938241160001
    },
    "TTJJ_powheg_CP5Down": {
        "isMC": 1,
        "PD": "TTto4Q_TuneCP5Down_13p6TeV_powheg-pythia8",
        "xsec_formula": "923.6*0.6741*0.6741",
        "nmc": 75167944.0,
        "sumsign": 74557536.0,
        "sumW": 26215557120.0,
        "xsec": 419.6938241160001
    },
    "TTLJ_powheg": {
        "isMC": 1,
        "PD": "TTtoLNu2Q_TuneCP5_13p6TeV_powheg-pythia8",
        "xsec_formula": "923.6*2*3*0.1086*0.6741",
        "nmc": 275339453.0,
        "sumsign": 273110592.0,
        "sumW": 92015616000.0,
        "xsec": 405.685352016
    },
    "TTLJ_powheg_mTop171p5": {
        "isMC": 1,
        "PD": "TTtoLNu2Q_MT-171p5_TuneCP5_13p6TeV_powheg-pythia8",
        "xsec_formula": "923.6*2*3*0.1086*0.6741",
        "nmc": 106574300.0,
        "sumsign": 105708256.0,
        "sumW": 36804005888.0,
        "xsec": 405.685352016
    },
    "TTLJ_powheg_mTop173p5": {
        "isMC": 1,
        "PD": "TTtoLNu2Q_MT-173p5_TuneCP5_13p6TeV_powheg-pythia8",
        "xsec_formula": "923.6*2*3*0.1086*0.6741",
        "nmc": 108466728.0,
        "sumsign": 107593040.0,
        "sumW": 35483582464.0,
        "xsec": 405.685352016
    },
    "TTLJ_powheg_hDampUp": {
        "isMC": 1,
        "PD": "TTtoLNu2Q_Hdamp-418_TuneCP5_13p6TeV_powheg-pythia8",
        "xsec_formula": "923.6*2*3*0.1086*0.6741",
        "nmc": 108814065.0,
        "sumsign": 108309552.0,
        "sumW": 36326756352.0,
        "xsec": 405.685352016
    },
    "TTLJ_powheg_hDampDown": {
        "isMC": 1,
        "PD": "TTtoLNu2Q_Hdamp-158_TuneCP5_13p6TeV_powheg-pythia8",
        "xsec_formula": "923.6*2*3*0.1086*0.6741",
        "nmc": 105603983.0,
        "sumsign": 103882992.0,
        "sumW": 35129712640.0,
        "xsec": 405.685352016
    },
    "TTLJ_powheg_CP5Up": {
        "isMC": 1,
        "PD": "TTtoLNu2Q_TuneCP5Up_13p6TeV_powheg-pythia8",
        "xsec_formula": "923.6*2*3*0.1086*0.6741",
        "nmc": 107642765.0,
        "sumsign": 106772944.0,
        "sumW": 35979591680.0,
        "xsec": 405.685352016
    },
    "TTLJ_powheg_CP5Down": {
        "isMC": 1,
        "PD": "TTtoLNu2Q_TuneCP5Down_13p6TeV_powheg-pythia8",
        "xsec_formula": "923.6*2*3*0.1086*0.6741",
        "nmc": 108790299.0,
        "sumsign": 107909744.0,
        "sumW": 36356583424.0,
        "xsec": 405.685352016
    },
    "TTLJ_Vcb_powheg": {
        "isMC": 1,
        "PD": "TTtoLNu2Q_Vcb_TuneCP5_13p6TeV_powheg-pythia8",
        "xsec_formula": "923.6*2*3*0.1086*0.6741* 0.04183 * 0.04183 / 2",
        "nmc": 11770800.0,
        "sumsign": 11674926.0,
        "sumW": 3940024576.0,
        "xsec": 0.35492374921805436
    },
    "TTLL_powheg": {
        "isMC": 1,
        "PD": "TTto2L2Nu_TuneCP5_13p6TeV_powheg-pythia8",
        "xsec_formula": "923.6*3*0.1086*3*0.1086",
        "nmc": 84715417.0,
        "sumsign": 84028736.0,
        "sumW": 6827787776.0,
        "xsec": 98.03611310400001
    },
    "TTLL_powheg_mTop171p5": {
        "isMC": 1,
        "PD": "TTto2L2Nu_MT-171p5_TuneCP5_13p6TeV_powheg-pythia8",
        "xsec_formula": "923.6*3*0.1086*3*0.1086",
        "nmc": 33779592.0,
        "sumsign": 33504082.0,
        "sumW": 2799832320.0,
        "xsec": 98.03611310400001
    },
    "TTLL_powheg_mTop173p5": {
        "isMC": 1,
        "PD": "TTto2L2Nu_MT-173p5_TuneCP5_13p6TeV_powheg-pythia8",
        "xsec_formula": "923.6*3*0.1086*3*0.1086",
        "nmc": 34942166.0,
        "sumsign": 34661972.0,
        "sumW": 2737936640.0,
        "xsec": 98.03611310400001
    },
    "TTLL_powheg_hDampUp": {
        "isMC": 1,
        "PD": "TTto2L2Nu_Hdamp-418_TuneCP5_13p6TeV_powheg-pythia8",
        "xsec_formula": "923.6*3*0.1086*3*0.1086",
        "nmc": 33381504.0,
        "sumsign": 33226736.0,
        "sumW": 2667634944.0,
        "xsec": 98.03611310400001
    },
    "TTLL_powheg_hDampDown": {
        "isMC": 1,
        "PD": "TTto2L2Nu_Hdamp-158_TuneCP5_13p6TeV_powheg-pythia8",
        "xsec_formula": "923.6*3*0.1086*3*0.1086",
        "nmc": 33569906.0,
        "sumsign": 33022546.0,
        "sumW": 2687313152.0,
        "xsec": 98.03611310400001
    },
    "TTLL_powheg_CP5Up": {
        "isMC": 1,
        "PD": "TTto2L2Nu_TuneCP5Up_13p6TeV_powheg-pythia8",
        "xsec_formula": "923.6*3*0.1086*3*0.1086",
        "nmc": 34267798.0,
        "sumsign": 33989904.0,
        "sumW": 2749681664.0,
        "xsec": 98.03611310400001
    },
    "TTLL_powheg_CP5Down": {
        "isMC": 1,
        "PD": "TTto2L2Nu_TuneCP5Down_13p6TeV_powheg-pythia8",
        "xsec_formula": "923.6*3*0.1086*3*0.1086",
        "nmc": 33116945.0,
        "sumsign": 32849006.0,
        "sumW": 2664799232.0,
        "xsec": 98.03611310400001
    },
    "ST_sch_top_Lep": {
        "isMC": 1,
        "PD": "TBbartoLplusNuBbar-s-channel-4FS_TuneCP5_13p6TeV_amcatnlo-pythia8",
        "xsec_formula": "6.72748*0.1086*3",
        "nmc": 4363850.0,
        "sumsign": 2685976.0,
        "sumW": 9927937.0,
        "note": "NLO parmetrization @ 13.6TeV",
        "xsec": 2.191812984
    },
    "ST_sch_antitop_Lep": {
        "isMC": 1,